iso_code3,country,year,country_year,survey,category,location,sex,wealth,region,ethnicity,religion,comp_prim_v2,comp_lowsec_v2,comp_upsec_v2,comp_prim_1524,comp_lowsec_1524,comp_upsec_2029,eduyears_2024,edu2_2024,edu4_2024,eduout_prim,eduout_lowsec,eduout_upsec,comp_prim_v2_no,comp_lowsec_v2_no,comp_upsec_v2_no,comp_prim_1524_no,comp_lowsec_1524_no,comp_upsec_2029_no,eduyears_2024_no,edu2_2024_no,edu4_2024_no,eduout_prim_no,eduout_lowsec_no,eduout_upsec_no,adjustment,comp_prim_aux,comp_lowsec_aux,year_uis
BEN,Benin,2014,Benin_2014,MICS,Ethnicity,,,,,Adja & ApparentÈS,,56.701324,31.423674,10.700187,61.418716,23.870096,9.4782267,8.5213118,2.0431583,11.125562,18.952816,23.480867,42.597191,857,630,605,2183,2183,1806,787,787,787,2472,1201,713,1,.68754482,.29667479,2014
BEN,Benin,2014,Benin_2014,MICS,Ethnicity,,,,,Autres BÈNinois,,,,,46.441944,18.558361,8.0391769,,,,33.449448,18.548103,,27,14,12,58,58,45,13,13,13,59,34,19,1,.43175015,.30409947,2014
BEN,Benin,2014,Benin_2014,MICS,Ethnicity,,,,,Autres NationalitÈS,,51.53941,27.774969,10.920777,45.114563,21.180756,8.9175892,7.8746505,1.2568276,16.721415,29.64749,28.199247,57.272339,98,87,108,341,341,355,127,127,127,370,161,100,1,.43517071,.24122195,2014
BEN,Benin,2014,Benin_2014,MICS,Ethnicity,,,,,Bariba & ApparentÈS,,43.881535,20.083735,8.7720413,44.321468,15.325914,7.1833997,9.6728258,3.2144661,7.815062,35.412994,45.337528,57.754971,359,252,218,912,912,746,176,176,176,1116,523,300,1,.52994925,.17634465,2014
BEN,Benin,2014,Benin_2014,MICS,Ethnicity,,,,,Betamaribe & ApparentÈS,,34.182629,20.450974,2.6599078,38.758068,15.111581,4.6015868,7.3282137,.84221458,18.694143,29.557165,35.684128,53.129433,170,142,122,444,444,371,113,113,113,607,250,124,1,.39380631,.18449663,2014
BEN,Benin,2014,Benin_2014,MICS,Ethnicity,,,,,Dendi & ApparentÈS,,47.618073,16.174791,4.3430829,39.972221,12.997195,4.1427007,7.5234919,0,10.353909,37.461918,41.79668,59.682812,143,126,97,400,400,350,101,101,101,442,213,119,1,.43200889,.17415082,2014
BEN,Benin,2014,Benin_2014,MICS,Ethnicity,,,,,Fon & ApparentÈS,,63.991886,33.810642,12.29273,58.752232,27.284176,11.857961,8.3346558,3.0985351,17.170612,12.912686,23.317266,39.641388,1597,1288,1217,4490,4490,3956,1600,1600,1600,4687,2391,1482,1,.62610841,.32007086,2014
BEN,Benin,2014,Benin_2014,MICS,Ethnicity,,,,,Peulh & ApparentÈS,,11.90958,6.1577921,2.1190197,11.408109,3.1572919,1.6327037,7.8608451,1.7297376,14.255467,78.225609,82.893929,91.375114,273,160,178,648,648,619,53,53,53,1105,423,184,1,.12797719,.039976709,2014
BEN,Benin,2014,Benin_2014,MICS,Ethnicity,,,,,Yoa & Lokpa ApparentÈS,,54.101604,22.575304,1.7414763,51.785175,15.244128,3.7117879,7.1305642,4.4039464,20.146193,25.195929,33.959793,51.089294,342,250,204,861,861,706,243,243,243,1059,496,294,1,.56033868,.18472998,2014
BEN,Benin,2014,Benin_2014,MICS,Ethnicity,,,,,Yoruba & ApparentÈS,,63.075047,28.91301,13.521326,60.545521,26.609289,14.086578,8.9895439,3.1565845,12.616107,17.794054,26.698044,45.41431,588,444,413,1537,1537,1307,513,513,513,1759,880,520,1,.63045567,.36853638,2014
BEN,Benin,2014,Benin_2014,MICS,Location,Rural,,,,,,45.104473,17.440556,1.9862565,41.973263,12.526043,2.4312685,7.1008239,3.386996,20.305529,31.928154,37.57692,53.87323,2088,1390,1247,4991,4991,4197,1154,1154,1154,6947,3112,1669,1,.46916476,.14509413,2014
BEN,Benin,2014,Benin_2014,MICS,Location,Urban,,,,,,65.183571,37.446815,17.152489,63.523346,31.658569,16.352068,9.259963,2.230202,10.970863,16.031065,24.89044,41.091198,2366,2003,1927,6883,6883,6064,2572,2572,2572,6729,3460,2186,1,.6701805,.38510808,2014
BEN,Benin,2014,Benin_2014,MICS,Location & Ethnicity,Rural,,,,Adja & ApparentÈS,,48.149429,20.031586,2.670743,51.391769,15.265599,2.6737814,7.4419951,.82568508,14.129464,25.904182,28.701841,49.799507,420,256,220,899,899,695,252,252,252,1268,567,327,1,.60666877,.175974,2014
BEN,Benin,2014,Benin_2014,MICS,Location & Ethnicity,Rural,,,,Autres BÈNinois,,,,,,,,,,,,,,4,2,2,10,10,12,1,1,1,25,7,3,1,.31743568,0,2014
BEN,Benin,2014,Benin_2014,MICS,Location & Ethnicity,Rural,,,,Autres NationalitÈS,,,,,26.162199,12.514196,2.6979485,,,,46.63916,52.738464,,24,20,27,80,80,77,15,15,15,119,40,23,1,.24251737,.13534328,2014
BEN,Benin,2014,Benin_2014,MICS,Location & Ethnicity,Rural,,,,Bariba & ApparentÈS,,32.071774,7.8422914,2.6542478,30.802023,5.8108287,1.6929952,7.2285585,4.8141394,12.893271,43.648102,53.765232,68.06292,226,138,127,543,543,459,81,81,81,743,342,166,1,.38835379,.087395497,2014
BEN,Benin,2014,Benin_2014,MICS,Location & Ethnicity,Rural,,,,Betamaribe & ApparentÈS,,31.364601,13.82003,1.4682279,33.785492,8.956707,2.0237348,6.7440047,1.3825454,20.29213,26.588621,33.260517,57.367874,130,96,86,311,311,256,74,74,74,461,196,85,1,.3339563,.13284369,2014
BEN,Benin,2014,Benin_2014,MICS,Location & Ethnicity,Rural,,,,Dendi & ApparentÈS,,26.504192,,,20.939985,6.2235942,0,,,,51.517075,61.980049,66.727692,38,28,20,98,98,78,10,10,10,142,54,31,1,.16274239,.076971419,2014
BEN,Benin,2014,Benin_2014,MICS,Location & Ethnicity,Rural,,,,Fon & ApparentÈS,,56.891758,24.939545,2.3497777,50.216431,17.272455,3.5593159,6.937252,4.5456467,25.3479,17.293139,26.416449,40.50779,531,386,346,1371,1371,1160,361,361,361,1759,834,479,1,.56143785,.15425068,2014
BEN,Benin,2014,Benin_2014,MICS,Location & Ethnicity,Rural,,,,Peulh & ApparentÈS,,11.500109,4.7298694,0,10.274646,1.9480692,.21468133,6.6936545,1.7427925,18.509096,76.886261,82.778282,93.476646,215,132,132,513,513,475,36,36,36,843,323,151,1,.11525195,.01566253,2014
BEN,Benin,2014,Benin_2014,MICS,Location & Ethnicity,Rural,,,,Yoa & Lokpa ApparentÈS,,49.862335,15.936282,2.5006497,45.974506,12.494235,1.8063875,7.0309567,4.4093752,23.136435,31.196543,35.387085,59.540443,208,149,119,502,502,420,138,138,138,689,309,176,1,.41561127,.2205763,2014
BEN,Benin,2014,Benin_2014,MICS,Location & Ethnicity,Rural,,,,Yoruba & ApparentÈS,,59.958042,13.639847,.95041013,50.511242,13.301585,2.411566,7.3663692,4.4112844,17.129902,21.017338,27.492443,53.583233,292,183,168,664,664,565,186,186,186,898,440,228,1,.5146991,.23984417,2014
BEN,Benin,2014,Benin_2014,MICS,Location & Ethnicity,Urban,,,,Adja & ApparentÈS,,67.765137,42.067406,17.186537,71.194458,32.259018,15.424794,9.2321472,2.8449829,9.1471996,8.8789902,17.317898,33.810112,437,374,385,1284,1284,1111,535,535,535,1204,634,386,1,.76310802,.39417934,2014
BEN,Benin,2014,Benin_2014,MICS,Location & Ethnicity,Urban,,,,Autres BÈNinois,,,,,53.247005,24.480621,14.565511,,,,12.383402,,,23,12,10,48,48,33,12,12,12,34,27,16,1,.45476457,.42163095,2014
BEN,Benin,2014,Benin_2014,MICS,Location & Ethnicity,Urban,,,,Autres NationalitÈS,,58.937855,32.545055,14.158504,52.06485,24.358992,11.307611,7.9558558,1.4840763,15.095573,18.819185,17.414778,56.715172,74,67,81,261,261,278,112,112,112,251,121,77,1,.51287353,.28959891,2014
BEN,Benin,2014,Benin_2014,MICS,Location & Ethnicity,Urban,,,,Bariba & ApparentÈS,,65.164169,34.711029,17.588951,64.674774,29.650726,16.158978,11.689879,1.8943876,3.6244328,17.026033,29.16559,44.025726,133,114,91,369,369,287,95,95,95,373,181,134,1,.69914162,.30453736,2014
BEN,Benin,2014,Benin_2014,MICS,Location & Ethnicity,Urban,,,,Betamaribe & ApparentÈS,,41.936417,32.891499,4.6772861,48.30006,26.922304,9.3133802,8.238821,0,16.20336,38.070717,43.567005,45.18475,40,46,36,133,133,115,39,39,39,146,54,39,1,.50609285,.27193916,2014
BEN,Benin,2014,Benin_2014,MICS,Location & Ethnicity,Urban,,,,Dendi & ApparentÈS,,55.137413,18.268095,5.5914884,46.453861,15.304019,5.6346049,7.7190976,0,8.166234,29.934067,34.642464,57.461281,105,98,77,302,302,272,91,91,91,300,159,88,1,.51289177,.20208472,2014
BEN,Benin,2014,Benin_2014,MICS,Location & Ethnicity,Urban,,,,Fon & ApparentÈS,,70.433014,40.91972,19.622753,65.780296,35.527462,18.209126,9.1358767,2.2688131,12.48205,8.440649,20.344992,38.860348,1066,902,871,3119,3119,2796,1239,1239,1239,2928,1557,1003,1,.67793387,.44231477,2014
BEN,Benin,2014,Benin_2014,MICS,Location & Ethnicity,Urban,,,,Peulh & ApparentÈS,,13.746288,,9.9300737,16.635544,8.7341223,7.5406866,,,,82.782463,83.307419,79.300835,58,28,46,135,135,144,17,17,17,262,100,33,1,.18908453,.12960275,2014
BEN,Benin,2014,Benin_2014,MICS,Location & Ethnicity,Urban,,,,Yoa & Lokpa ApparentÈS,,60.57819,30.549728,.66873676,59.408039,18.851639,6.368289,7.2523532,4.3973088,16.490053,14.959881,31.790546,39.377121,134,101,85,359,359,286,105,105,105,370,187,118,1,.73417723,.1340778,2014
BEN,Benin,2014,Benin_2014,MICS,Location & Ethnicity,Urban,,,,Yoruba & ApparentÈS,,66.311371,39.835712,22.81567,68.718147,37.448021,23.834185,9.9665356,2.4013779,9.8992443,14.138217,25.821178,38.226265,296,261,245,873,873,742,327,327,327,861,440,292,1,.71323973,.46368533,2014
BEN,Benin,2014,Benin_2014,MICS,Location & Sex,Rural,Female,,,,,36.949501,7.7566104,.37799361,29.386583,5.8225131,.3993873,5.8860674,4.6572695,28.46888,35.35001,42.155777,67.422134,912,706,701,2564,2564,2401,494,494,494,3280,1349,793,1,.32759869,.059080951,2014
BEN,Benin,2014,Benin_2014,MICS,Location & Sex,Rural,Male,,,,,51.493038,27.448469,4.1369429,55.535954,19.749384,5.1767411,8.0033016,2.4432728,14.240737,28.827795,33.936279,41.576801,1176,684,546,2427,2427,1796,660,660,660,3667,1763,876,1,.61546677,.26011726,2014
BEN,Benin,2014,Benin_2014,MICS,Location & Sex,Urban,Female,,,,,60.485016,29.382389,12.016416,54.646999,24.845211,9.5069017,8.2937164,3.1153836,14.919169,16.944666,29.646694,50.055634,1171,1058,1051,3651,3651,3357,1294,1294,1294,3389,1729,1125,1,.58193892,.26972124,2014
BEN,Benin,2014,Benin_2014,MICS,Location & Sex,Urban,Male,,,,,69.660217,46.489044,23.068832,73.272812,39.14212,24.975254,10.190068,1.3781302,7.1702414,15.113759,20.368519,31.762293,1195,945,876,3232,3232,2707,1278,1278,1278,3340,1731,1061,1,.76912135,.5180245,2014
BEN,Benin,2014,Benin_2014,MICS,Location & Sex & Wealth,Rural,Female,Quintile 1,,,,16.694609,1.8741653,0,13.293176,1.6133295,0,5.0864778,4.8273907,32.929192,54.409622,60.019642,85.66011,210,153,156,566,566,556,60,60,60,901,294,178,1,.14104345,.01305145,2014
BEN,Benin,2014,Benin_2014,MICS,Location & Sex & Wealth,Rural,Female,Quintile 2,,,,33.022526,5.814189,0,23.538931,3.8571541,0,5.3835125,5.5992122,32.310402,35.818737,45.621521,71.365189,252,201,186,727,727,675,110,110,110,965,404,223,1,.26807159,.040782861,2014
BEN,Benin,2014,Benin_2014,MICS,Location & Sex & Wealth,Rural,Female,Quintile 3,,,,46.964897,6.7351089,.27435407,34.39555,5.0906134,.084204815,5.6363206,4.9946032,32.054695,27.212568,36.190002,59.656464,284,215,214,784,784,732,177,177,177,922,397,237,1,.36673757,.054782439,2014
BEN,Benin,2014,Benin_2014,MICS,Location & Sex & Wealth,Rural,Female,Quintile 4,,,,50.436245,13.070814,.80049562,44.337322,10.400364,.74689347,6.3488164,2.9374979,20.264935,15.157239,25.273674,55.447884,135,116,120,406,406,365,113,113,113,404,198,129,1,.49315971,.093519181,2014
BEN,Benin,2014,Benin_2014,MICS,Location & Sex & Wealth,Rural,Female,Quintile 5,,,,65.735359,,,73.256767,38.788967,8.4037218,8.6357908,5.6470385,18.486652,11.52409,21.103422,,31,21,25,81,81,73,34,34,34,88,56,26,1,.85727066,.36748672,2014
BEN,Benin,2014,Benin_2014,MICS,Location & Sex & Wealth,Rural,Male,Quintile 1,,,,32.295422,14.898841,1.1023103,36.774689,8.610918,1.1809806,6.7037177,4.6935067,21.847748,43.066078,51.9104,57.75428,308,156,100,526,526,351,87,87,87,1009,473,187,1,.41910535,.10801806,2014
BEN,Benin,2014,Benin_2014,MICS,Location & Sex & Wealth,Rural,Male,Quintile 2,,,,50.994801,21.102005,.80822623,52.962105,15.840644,3.1614132,7.3069062,4.3960781,21.428297,32.164116,35.823421,42.448025,360,179,157,694,694,500,171,171,171,1113,529,255,1,.54340404,.21921004,2014
BEN,Benin,2014,Benin_2014,MICS,Location & Sex & Wealth,Rural,Male,Quintile 3,,,,55.463295,27.801109,5.4220614,58.57457,21.071491,4.5790009,8.2179384,1.4167089,10.128296,20.455664,24.939697,41.192581,316,202,186,739,739,602,249,249,249,1005,475,250,1,.67037994,.28165933,2014
BEN,Benin,2014,Benin_2014,MICS,Location & Sex & Wealth,Rural,Male,Quintile 4,,,,74.694496,41.960415,6.8081012,73.623268,32.591721,11.233538,9.4188051,0,3.1895378,10.176262,15.991765,29.658642,164,117,88,383,383,287,122,122,122,478,249,144,1,.7989977,.42525476,2014
BEN,Benin,2014,Benin_2014,MICS,Location & Sex & Wealth,Rural,Male,Quintile 5,,,,,67.909966,,87.977112,53.283459,27.793724,9.5291214,0,16.987343,4.5756111,7.7160201,11.441742,28,30,15,85,85,56,31,31,31,62,37,40,1,.94445109,.58571351,2014
BEN,Benin,2014,Benin_2014,MICS,Location & Sex & Wealth,Urban,Female,Quintile 1,,,,30.045414,1.0706155,0,23.216339,2.4056547,0,5.9750237,4.0253649,29.349321,52.880299,51.042019,69.087509,113,70,66,277,277,247,33,33,33,399,161,94,1,.21128856,.051782556,2014
BEN,Benin,2014,Benin_2014,MICS,Location & Sex & Wealth,Urban,Female,Quintile 2,,,,27.947372,7.8536763,0,23.825205,2.5789642,0,5.3722892,5.0136013,23.608532,23.067274,39.881752,73.597328,48,57,54,177,177,168,31,31,31,212,72,43,1,.34940431,0,2014
BEN,Benin,2014,Benin_2014,MICS,Location & Sex & Wealth,Urban,Female,Quintile 3,,,,52.701862,17.662947,0,38.521049,8.6859245,.21427207,6.2962236,3.2138898,24.198792,17.51054,27.364462,64.40728,89,80,85,282,282,258,88,88,88,329,145,84,1,.50415128,.089496389,2014
BEN,Benin,2014,Benin_2014,MICS,Location & Sex & Wealth,Urban,Female,Quintile 4,,,,60.442375,25.442341,2.4878042,51.860081,17.229927,2.2757974,7.0397167,5.3484311,18.151331,8.6281013,25.55143,56.997238,259,269,259,890,890,815,314,314,314,771,382,270,1,.56518555,.17462926,2014
BEN,Benin,2014,Benin_2014,MICS,Location & Sex & Wealth,Urban,Female,Quintile 5,,,,72.911423,42.020317,24.275284,69.897888,40.076309,19.366379,9.5632648,1.7813312,10.420877,8.2428017,25.970984,36.868008,662,582,587,2025,2025,1869,828,828,828,1678,969,634,1,.70478874,.44369084,2014
BEN,Benin,2014,Benin_2014,MICS,Location & Sex & Wealth,Urban,Male,Quintile 1,,,,36.523308,13.683036,2.2415004,38.231144,11.100614,1.4360482,7.8417974,7.1451278,15.097286,49.059109,44.68895,57.871162,138,83,60,261,261,172,47,47,47,506,215,85,1,.39345944,.22226994,2014
BEN,Benin,2014,Benin_2014,MICS,Location & Sex & Wealth,Urban,Male,Quintile 2,,,,56.297092,30.107725,1.3519912,60.83564,24.476831,5.852241,7.9318304,6.016293,13.508794,19.233431,21.22094,53.437199,77,51,45,188,188,143,65,65,65,269,123,65,1,.66940457,.40442967,2014
BEN,Benin,2014,Benin_2014,MICS,Location & Sex & Wealth,Urban,Male,Quintile 3,,,,58.420242,30.096203,12.521399,63.914322,23.765276,8.6382923,8.3569832,2.6048465,14.230539,12.057974,25.052044,34.745621,126,83,85,295,295,211,99,99,99,326,176,106,1,.74734759,.3565765,2014
BEN,Benin,2014,Benin_2014,MICS,Location & Sex & Wealth,Urban,Male,Quintile 4,,,,71.209641,42.42424,14.155209,75.437996,32.894592,17.166393,9.4067154,.80457807,7.184556,8.5286255,18.803967,30.860916,292,259,222,849,849,686,334,334,334,774,418,273,1,.7827571,.44161597,2014
BEN,Benin,2014,Benin_2014,MICS,Location & Sex & Wealth,Urban,Male,Quintile 5,,,,87.529221,67.310928,40.690502,85.250877,58.319645,40.516495,11.730013,.32618073,3.8408828,1.7054843,10.422286,20.683523,562,469,464,1639,1639,1495,733,733,733,1465,799,532,1,.89176726,.70539021,2014
BEN,Benin,2014,Benin_2014,MICS,Location & Wealth,Rural,,Quintile 1,,,,25.872952,8.3068581,.42230603,24.512148,4.9566298,.46159029,6.0461397,4.7479448,26.353518,48.381817,55.092422,71.860481,518,309,256,1092,1092,907,147,147,147,1910,767,365,1,.27837405,.049434103,2014
BEN,Benin,2014,Benin_2014,MICS,Location & Wealth,Rural,,Quintile 2,,,,43.58614,13.135295,.38718486,37.977432,9.7376766,1.3822079,6.6204562,4.8254704,25.312069,33.887238,40.162704,56.115234,612,380,343,1421,1421,1175,281,281,281,2078,933,478,1,.39992416,.1262593,2014
BEN,Benin,2014,Benin_2014,MICS,Location & Wealth,Rural,,Quintile 3,,,,51.366989,17.332897,2.4593751,45.903492,12.69667,2.0636022,7.1315913,2.9222901,19.354946,23.710829,30.256695,49.998478,600,417,400,1523,1523,1334,426,426,426,1927,872,487,1,.51949263,.15108372,2014
BEN,Benin,2014,Benin_2014,MICS,Location & Wealth,Rural,,Quintile 4,,,,63.557045,26.449024,3.2464135,58.029701,20.77573,5.1856561,7.8374214,1.5131361,11.985255,12.488596,20.145142,41.847881,299,233,208,789,789,652,235,235,235,882,447,273,1,.63478732,.22858098,2014
BEN,Benin,2014,Benin_2014,MICS,Location & Wealth,Rural,,Quintile 5,,,,78.845802,59.272202,14.994862,81.154312,46.565334,16.557064,9.0673141,2.9192398,17.762413,8.737709,15.421623,16.56568,59,51,40,166,166,129,65,65,65,150,93,66,1,.91056228,.45420709,2014
BEN,Benin,2014,Benin_2014,MICS,Location & Wealth,Urban,,Quintile 1,,,,33.572182,7.888896,1.0418797,30.358564,6.5416627,.5565232,7.0675788,5.8512492,21.00812,50.747471,47.489475,63.832069,251,153,126,538,538,419,80,80,80,905,376,179,1,.30977023,.13102739,2014
BEN,Benin,2014,Benin_2014,MICS,Location & Wealth,Urban,,Quintile 2,,,,46.234921,18.889351,.62395346,43.747337,14.366241,2.6699643,7.1511846,5.7104778,16.589159,20.866653,27.64694,60.38295,125,108,99,365,365,311,96,96,96,481,195,108,1,.50809085,.18664715,2014
BEN,Benin,2014,Benin_2014,MICS,Location & Wealth,Urban,,Quintile 3,,,,56.042458,24.161104,6.7750292,51.993073,16.68605,3.9789221,7.4357595,2.8771081,18.686659,14.700166,26.105961,47.401852,215,163,170,577,577,469,187,187,187,655,321,190,1,.63125616,.23400703,2014
BEN,Benin,2014,Benin_2014,MICS,Location & Wealth,Urban,,Quintile 4,,,,66.104515,33.935936,8.0773497,63.766163,25.140074,9.0544558,8.319005,2.8926215,12.224134,8.5796442,22.006481,43.907661,551,528,481,1739,1739,1501,648,648,648,1545,800,543,1,.67400521,.30253553,2014
BEN,Benin,2014,Benin_2014,MICS,Location & Wealth,Urban,,Quintile 5,,,,79.534134,52.627869,31.398312,76.569901,48.004398,28.717422,10.558842,1.1127188,7.3975019,5.2438359,18.843599,29.687817,1224,1051,1051,3664,3664,3364,1561,1561,1561,3143,1768,1166,1,.78321242,.55724961,2014
BEN,Benin,2014,Benin_2014,MICS,Region,,,,Alibori,,,23.269932,9.1198406,.84366667,26.266712,7.070992,1.8012192,8.5295486,1.2580622,4.0340004,61.083801,67.235031,69.009132,283,177,125,638,638,580,66,66,66,983,440,189,1,.33620933,.11594339,2014
BEN,Benin,2014,Benin_2014,MICS,Region,,,,Atacora,,,41.35228,20.030687,4.2102551,39.719215,14.324185,3.9382596,7.3660626,.80322868,18.225597,32.893909,35.875748,54.403519,287,199,185,693,693,537,148,148,148,946,400,218,1,.39233625,.17349491,2014
BEN,Benin,2014,Benin_2014,MICS,Region,,,,Atlantique,,,61.378002,32.538296,22.520954,59.692001,28.653093,18.068466,9.0160952,4.2144198,18.976809,11.96759,25.721878,44.651043,340,291,297,1031,1031,928,379,379,379,1105,544,342,1,.64456564,.3831495,2014
BEN,Benin,2014,Benin_2014,MICS,Region,,,,Borgou,,,44.037148,22.580517,9.2133026,40.913261,16.189041,6.8121433,8.5305138,2.2444389,10.760085,44.990784,49.714264,63.173409,264,217,223,801,801,714,167,167,167,1074,415,236,1,.4778859,.14682522,2014
BEN,Benin,2014,Benin_2014,MICS,Region,,,,Collines,,,63.070892,22.210003,.55759984,53.701157,15.835256,4.5231404,7.2677269,4.0381961,19.710264,18.806005,26.31382,42.853947,414,282,237,947,947,771,255,255,255,1220,616,323,1,.57402074,.20851514,2014
BEN,Benin,2014,Benin_2014,MICS,Region,,,,Couffo,,,48.337559,24.223259,3.5271552,52.92635,19.396942,5.3457274,8.1340952,1.5134094,11.444311,27.77853,28.619347,49.479149,349,208,172,737,737,562,201,201,201,931,434,262,1,.607117,.25020498,2014
BEN,Benin,2014,Benin_2014,MICS,Region,,,,Donga,,,48.694592,15.957173,2.6656222,46.035469,11.864793,2.5339427,7.1047297,3.2989438,16.255913,25.925413,40.327499,60.54089,456,332,300,1187,1187,1013,319,319,319,1452,668,390,1,.48471743,.16990213,2014
BEN,Benin,2014,Benin_2014,MICS,Region,,,,Littoral,,,75.262375,54.250038,27.566767,76.095886,47.37796,28.703304,10.309074,1.156489,6.2043371,7.4388146,20.184336,33.262138,928,819,832,2844,2844,2581,1201,1201,1201,2389,1346,909,1,.79253727,.53499019,2014
BEN,Benin,2014,Benin_2014,MICS,Region,,,,Mono,,,65.096642,28.804716,5.0802946,68.038055,21.31637,4.993947,7.9948759,1.7580404,8.9985228,10.145403,12.225006,35.448929,309,241,206,787,787,623,281,281,281,967,482,262,1,.72989815,.24070737,2014
BEN,Benin,2014,Benin_2014,MICS,Region,,,,OuÈMÈ,,,67.829811,37.471695,9.3684998,57.671291,28.33646,9.9226894,8.1845798,2.6336789,17.524837,12.812613,20.207449,38.808887,314,241,250,881,881,800,321,321,321,933,460,270,1,.59296602,.29056868,2014
BEN,Benin,2014,Benin_2014,MICS,Region,,,,Plateau,,,53.546436,20.587883,6.5178914,52.778088,18.315197,5.4381123,8.1060457,7.3495111,17.601692,22.150579,31.275627,51.837845,244,197,161,631,631,549,190,190,190,811,359,213,1,.58177239,.32435802,2014
BEN,Benin,2014,Benin_2014,MICS,Region,,,,Zou,,,57.560623,30.197161,1.2571528,53.413879,21.327248,4.4841127,7.7064548,.45266563,17.091551,17.273573,25.824047,35.255562,266,189,186,697,697,603,198,198,198,865,408,241,1,.60606015,.20705786,2014
BEN,Benin,2014,Benin_2014,MICS,Sex,,Female,,,,,48.372711,19.217119,6.322485,42.129223,15.418532,4.9748759,7.4368596,3.6641245,19.741367,27.303123,36.160748,58.652733,2083,1764,1752,6215,6215,5758,1788,1788,1788,6669,3078,1918,1,.46238545,.1666685,2014
BEN,Benin,2014,Benin_2014,MICS,Sex,,Male,,,,,59.427788,37.151493,14.510088,64.398468,29.439285,15.4699,9.2777176,1.8225234,10.120156,23.176039,28.035366,36.956306,2371,1629,1422,5659,5659,4503,1938,1938,1938,7007,3494,1937,1,.69376868,.40142956,2014
BEN,Benin,2014,Benin_2014,MICS,Sex & Ethnicity,,Female,,,Adja & ApparentÈS,,49.701344,20.56205,5.6701064,49.134754,15.151707,4.7169123,7.4267068,2.9492586,15.77975,21.467937,29.748749,54.829849,416,324,327,1129,1129,1026,383,383,383,1211,588,371,1,.56887501,.17268427,2014
BEN,Benin,2014,Benin_2014,MICS,Sex & Ethnicity,,Female,,,Autres BÈNinois,,,,,31.020073,12.301264,,,,,,,,14,10,5,35,35,28,4,4,4,27,12,14,1,.23940861,.212065,2014
BEN,Benin,2014,Benin_2014,MICS,Sex & Ethnicity,,Female,,,Autres NationalitÈS,,30.172995,9.838932,6.4158106,36.467434,14.523151,4.2355738,7.1353965,2.006748,18.937149,30.330688,33.714554,73.965195,47,54,69,197,197,217,77,77,77,194,82,51,1,.24708715,.17685556,2014
BEN,Benin,2014,Benin_2014,MICS,Sex & Ethnicity,,Female,,,Bariba & ApparentÈS,,44.37254,14.935856,7.2227573,36.554043,11.798259,4.4068146,8.3584442,5.1598268,10.411069,34.449711,40.033318,66.78093,163,129,116,461,461,387,67,67,67,547,235,140,1,.45639163,.12886432,2014
BEN,Benin,2014,Benin_2014,MICS,Sex & Ethnicity,,Female,,,Betamaribe & ApparentÈS,,19.674088,6.7040405,3.0146394,24.633118,5.7523785,2.0947182,5.8074627,2.2454016,28.887972,38.336308,44.17437,70.130928,82,79,72,245,245,215,44,44,44,274,111,68,1,.23695904,.0394057,2014
BEN,Benin,2014,Benin_2014,MICS,Sex & Ethnicity,,Female,,,Dendi & ApparentÈS,,45.633446,13.49927,1.7978065,34.201904,11.55128,.96714425,7.0423937,0,14.444667,36.698704,46.433941,60.997963,61,78,63,228,228,220,58,58,58,219,98,62,1,.39771822,.12095869,2014
BEN,Benin,2014,Benin_2014,MICS,Sex & Ethnicity,,Female,,,Fon & ApparentÈS,,54.965454,25.018349,8.4026537,47.386887,20.000847,6.9223585,7.5480361,3.9400995,21.761536,14.899245,30.233892,53.252296,790,658,674,2372,2372,2207,791,791,791,2305,1177,733,1,.51441044,.20891988,2014
BEN,Benin,2014,Benin_2014,MICS,Sex & Ethnicity,,Female,,,Peulh & ApparentÈS,,14.184019,0,.22239901,7.2804227,1.1981924,.058646336,,,,83.294579,82.173561,92.019943,107,83,102,350,350,369,20,20,20,524,162,94,1,.011463738,.024869664,2014
BEN,Benin,2014,Benin_2014,MICS,Sex & Ethnicity,,Female,,,Yoa & Lokpa ApparentÈS,,52.405846,13.100767,0,42.970451,9.0639133,1.5435033,5.8054061,8.3087521,27.357346,27.647427,34.360481,59.857346,143,114,102,397,397,364,101,101,101,479,206,125,1,.44487283,.11323684,2014
BEN,Benin,2014,Benin_2014,MICS,Sex & Ethnicity,,Female,,,Yoruba & ApparentÈS,,59.28817,24.327929,7.7843266,49.396935,19.306913,6.0007582,7.8615885,3.8893509,19.685259,19.952848,34.728577,51.088585,260,235,222,801,801,725,243,243,243,889,407,260,1,.53805649,.2103266,2014
BEN,Benin,2014,Benin_2014,MICS,Sex & Ethnicity,,Male,,,Adja & ApparentÈS,,63.328667,42.833641,16.318239,74.491776,33.148529,15.718956,9.4693146,1.2584141,7.0947185,16.458406,17.658419,29.125986,441,306,278,1054,1054,780,404,404,404,1261,613,342,1,.81220555,.4351587,2014
BEN,Benin,2014,Benin_2014,MICS,Sex & Ethnicity,,Male,,,Autres BÈNinois,,,,,,,,,,,32.429417,,,13,4,7,23,23,17,9,9,9,32,22,5,1,1,.36745733,2014
BEN,Benin,2014,Benin_2014,MICS,Sex & Ethnicity,,Male,,,Autres NationalitÈS,,68.392021,52.384472,19.993908,56.035007,29.588634,16.351351,9.1136017,0,13.007959,28.936237,23.762436,37.801105,51,33,39,144,144,138,50,50,50,176,79,49,1,.69323462,.37085769,2014
BEN,Benin,2014,Benin_2014,MICS,Sex & Ethnicity,,Male,,,Bariba & ApparentÈS,,43.482513,25.589195,10.57764,52.093124,18.85549,10.162165,10.441604,2.0766301,6.2966652,36.357094,50.013657,50.198917,196,123,102,451,451,359,109,109,109,569,288,160,1,.60861635,.23168011,2014
BEN,Benin,2014,Benin_2014,MICS,Sex & Ethnicity,,Male,,,Betamaribe & ApparentÈS,,48.191933,39.376717,2.1776989,56.527634,26.885704,7.968226,8.2409925,0,12.575648,22.085167,28.615776,30.259567,88,63,50,199,199,156,69,69,69,333,139,56,1,.60974187,.38172778,2014
BEN,Benin,2014,Benin_2014,MICS,Sex & Ethnicity,,Male,,,Dendi & ApparentÈS,,49.251163,20.330051,9.041254,47.851982,14.97169,9.721283,8.2537336,0,4.1446986,38.218811,37.427147,58.195282,82,48,34,172,172,130,43,43,43,223,115,57,1,.48526454,.27233493,2014
BEN,Benin,2014,Benin_2014,MICS,Sex & Ethnicity,,Male,,,Fon & ApparentÈS,,71.919838,42.555183,17.346985,70.961967,35.108616,18.399933,9.0881824,2.2923751,12.772828,11.076709,17.278021,27.652035,807,630,543,2118,2118,1749,809,809,809,2382,1214,749,1,.73719978,.46448582,2014
BEN,Benin,2014,Benin_2014,MICS,Sex & Ethnicity,,Male,,,Peulh & ApparentÈS,,10.438707,12.353217,4.5091591,16.197775,5.430583,3.9379456,8.3058519,1.6851524,11.584259,73.784843,83.369705,90.67083,166,77,76,298,298,250,33,33,33,581,261,90,1,.24520272,.059014749,2014
BEN,Benin,2014,Benin_2014,MICS,Sex & Ethnicity,,Male,,,Yoa & Lokpa ApparentÈS,,55.350368,31.660154,3.5710022,59.855919,20.902721,6.1630559,8.2327127,1.1562754,14.148595,23.10479,33.646629,43.829269,199,136,102,464,464,342,142,142,142,580,290,169,1,.67105544,.25983781,2014
BEN,Benin,2014,Benin_2014,MICS,Sex & Ethnicity,,Male,,,Yoruba & ApparentÈS,,66.281235,34.190063,19.42202,72.575356,34.488884,23.817945,9.8742847,2.5818195,7.0712299,15.54195,19.522526,39.738964,328,209,191,736,736,582,270,270,270,870,473,260,1,.73679954,.53126037,2014
BEN,Benin,2014,Benin_2014,MICS,Sex & Region,,Female,,Alibori,,,24.428467,6.072855,0,23.392887,3.9355915,.27649367,,,,61.95314,64.157852,62.707104,109,101,75,342,342,369,28,28,28,478,182,86,1,.33893189,.05451962,2014
BEN,Benin,2014,Benin_2014,MICS,Sex & Region,,Female,,Atacora,,,33.604778,10.433925,0,28.986454,8.8255348,.59096348,6.2930717,1.7238216,24.091208,36.661263,38.019985,69.945786,154,106,108,378,378,299,69,69,69,447,199,120,1,.24549702,.060039777,2014
BEN,Benin,2014,Benin_2014,MICS,Sex & Region,,Female,,Atlantique,,,55.726707,22.514021,15.727438,47.833084,20.919794,10.366165,7.5110888,6.5777569,24.545887,13.415421,33.59779,61.568771,161,146,153,516,516,521,183,183,183,554,251,161,1,.51921546,.25884166,2014
BEN,Benin,2014,Benin_2014,MICS,Sex & Region,,Female,,Borgou,,,46.28817,16.372322,7.3693171,33.762119,12.126257,3.6457441,7.7384305,3.4411471,17.396576,44.916824,47.256256,69.786499,102,117,122,421,421,400,67,67,67,530,185,115,1,.40676394,.093619607,2014
BEN,Benin,2014,Benin_2014,MICS,Sex & Region,,Female,,Collines,,,58.595444,13.466022,.45097512,42.14043,7.7787995,.41579464,6.1755681,7.0788288,27.386168,22.553295,32.554035,53.789455,189,127,124,473,473,432,122,122,122,579,271,139,1,.51734525,.085888296,2014
BEN,Benin,2014,Benin_2014,MICS,Sex & Region,,Female,,Couffo,,,41.638584,10.299829,1.4964057,38.200214,9.6188498,1.9694937,6.6726027,.7605778,16.897612,33.139133,36.523624,64.110413,169,107,96,384,384,329,85,85,85,457,197,131,1,.46218169,.13236167,2014
BEN,Benin,2014,Benin_2014,MICS,Sex & Region,,Female,,Donga,,,40.550735,8.3292761,0,35.357204,7.3011303,.23074126,6.0529885,6.0562825,23.059853,28.873417,47.256958,73.83989,184,162,158,567,567,536,138,138,138,647,253,172,1,.32657218,.10141505,2014
BEN,Benin,2014,Benin_2014,MICS,Sex & Region,,Female,,Littoral,,,67.703644,47.099773,21.331305,68.97702,39.94595,20.507526,9.6273756,1.6787624,8.109622,11.165767,27.096504,39.997051,503,443,462,1560,1560,1407,629,629,629,1260,742,492,1,.73730057,.42781901,2014
BEN,Benin,2014,Benin_2014,MICS,Sex & Region,,Female,,Mono,,,58.210533,23.589937,4.429285,58.022339,13.941689,2.4910223,7.0510497,2.7884269,14.266385,8.5919075,15.567857,47.01778,137,129,128,417,417,375,154,154,154,462,225,140,1,.6107074,.14235143,2014
BEN,Benin,2014,Benin_2014,MICS,Sex & Region,,Female,,OuÈMÈ,,,58.375221,27.675322,5.4242234,47.036625,20.127018,4.6491003,7.5764523,2.2597268,20.122833,14.906134,24.676073,50.725227,155,126,146,488,488,451,163,163,163,449,222,145,1,.47528669,.19436295,2014
BEN,Benin,2014,Benin_2014,MICS,Sex & Region,,Female,,Plateau,,,42.514549,11.741218,0,36.960384,10.458052,.86581635,6.9363689,9.141161,25.13763,23.894539,37.557678,63.325912,104,104,76,321,321,304,75,75,75,405,173,103,1,.42841423,.13646172,2014
BEN,Benin,2014,Benin_2014,MICS,Sex & Region,,Female,,Zou,,,43.480751,20.431837,0,37.194061,14.535326,2.6134038,6.6738353,0,30.704105,21.099558,37.123974,47.342785,116,96,104,348,348,335,75,75,75,401,178,114,1,.43333355,.10779571,2014
BEN,Benin,2014,Benin_2014,MICS,Sex & Region,,Male,,Alibori,,,22.413319,13.393204,2.0801847,29.743151,10.863856,4.4491315,8.881422,2.0743477,5.2761045,60.28093,69.630226,75.031769,174,76,50,296,296,211,38,38,38,505,258,103,1,.33239093,.20596898,2014
BEN,Benin,2014,Benin_2014,MICS,Sex & Region,,Male,,Atacora,,,50.208195,32.193996,10.453467,52.887814,21.070776,8.3408318,8.3022604,0,13.107781,29.433992,33.721775,34.62318,133,93,77,315,315,238,79,79,79,499,201,98,1,.57844603,.34173277,2014
BEN,Benin,2014,Benin_2014,MICS,Sex & Region,,Male,,Atlantique,,,66.003952,41.816643,29.526964,70.954041,35.997166,27.834066,10.40277,2.0369017,13.845605,10.551619,19.242064,30.155083,179,145,144,515,515,407,196,196,196,551,293,181,1,.76058823,.51134551,2014
BEN,Benin,2014,Benin_2014,MICS,Sex & Region,,Male,,Borgou,,,42.628117,29.980177,11.412763,48.80489,20.672516,10.791499,9.1135597,1.3635515,5.8750181,45.062321,51.710052,56.62281,162,100,101,380,380,314,100,100,100,544,230,121,1,.56265742,.21028753,2014
BEN,Benin,2014,Benin_2014,MICS,Sex & Region,,Male,,Collines,,,67.017952,29.644543,.66923523,65.222809,23.864479,9.7581005,8.206192,1.4254551,13.11455,15.352043,21.392908,34.801594,225,155,113,474,474,339,133,133,133,641,345,184,1,.62220883,.33690464,2014
BEN,Benin,2014,Benin_2014,MICS,Sex & Region,,Male,,Couffo,,,54.942989,39.344753,6.2747836,69.583809,30.457422,10.064183,9.2164526,2.0709436,7.4056902,22.696383,21.952114,33.998188,180,101,76,353,353,233,116,116,116,474,237,131,1,.76452351,.40964839,2014
BEN,Benin,2014,Benin_2014,MICS,Sex & Region,,Male,,Donga,,,54.195381,23.466303,5.8488264,56.029057,16.135839,5.2575655,8.024889,.88657069,10.3032,23.543867,35.976006,50.699596,272,170,142,620,620,477,181,181,181,805,415,218,1,.64040029,.25168732,2014
BEN,Benin,2014,Benin_2014,MICS,Sex & Region,,Male,,Littoral,,,84.298485,63.113697,35.255993,84.84417,56.511055,38.423119,11.063207,.57872182,4.0966063,3.2390401,11.844548,25.271172,425,376,370,1284,1284,1174,572,572,572,1129,604,417,1,.86101013,.6671477,2014
BEN,Benin,2014,Benin_2014,MICS,Sex & Region,,Male,,Mono,,,70.70089,34.590366,6.1991701,79.330971,29.631472,8.889473,9.1726494,.47225118,2.424911,11.637116,9.2179346,22.782742,172,112,78,370,370,248,127,127,127,505,257,122,1,.86213696,.40974951,2014
BEN,Benin,2014,Benin_2014,MICS,Sex & Region,,Male,,OuÈMÈ,,,77.376381,47.144325,15.22962,70.888451,38.539459,16.86664,8.7968073,3.0101519,14.909326,10.873886,15.851357,25.183928,159,115,104,393,393,349,158,158,158,484,238,125,1,.70915878,.43352857,2014
BEN,Benin,2014,Benin_2014,MICS,Sex & Region,,Male,,Plateau,,,61.783546,30.631107,11.545614,68.739548,26.24375,10.790848,8.8129139,6.2667675,13.047518,20.287268,25.29141,41.56514,140,93,85,310,310,245,115,115,115,406,186,110,1,.75587296,.46929604,2014
BEN,Benin,2014,Benin_2014,MICS,Sex & Region,,Male,,Zou,,,67.830147,40.05146,2.8780489,68.849442,27.79077,6.7857885,8.2975502,.71178168,9.2994184,13.99241,17.33461,25.435644,150,93,82,349,349,268,123,123,123,464,230,127,1,.78036052,.33504042,2014
BEN,Benin,2014,Benin_2014,MICS,Sex & Wealth,,Female,Quintile 1,,,,20.973181,1.6292969,0,16.336546,1.8563306,0,5.3596091,4.5808544,31.828768,53.968185,57.05571,80.323898,323,223,222,843,843,803,93,93,93,1300,455,272,1,.16244946,.023447208,2014
BEN,Benin,2014,Benin_2014,MICS,Sex & Wealth,,Female,Quintile 2,,,,32.36816,6.2220769,0,23.587496,3.6403112,0,5.3814011,5.4890265,30.673107,33.880737,44.912922,71.635422,300,258,240,904,904,843,141,141,141,1177,476,266,1,.28433779,.032279249,2014
BEN,Benin,2014,Benin_2014,MICS,Sex & Wealth,,Female,Quintile 3,,,,48.386948,9.623311,.20267828,35.427555,5.9899936,.11733598,5.8529315,4.4100904,29.476023,24.683132,33.818905,60.879482,373,295,299,1066,1066,990,265,265,265,1251,542,321,1,.40305573,.063851558,2014
BEN,Benin,2014,Benin_2014,MICS,Sex & Wealth,,Female,Quintile 4,,,,56.650227,21.01243,1.8887993,49.13821,14.758862,1.7466892,6.8237638,4.594852,18.811975,11.094489,25.444206,56.433384,394,385,379,1296,1296,1180,427,427,427,1175,580,399,1,.53939503,.14583468,2014
BEN,Benin,2014,Benin_2014,MICS,Sex & Wealth,,Female,Quintile 5,,,,72.491188,42.218967,22.942396,70.094452,40.000977,18.674683,9.5043383,2.0269361,10.93333,8.5233793,25.560942,36.314247,693,603,612,2106,2106,1942,862,862,862,1766,1025,660,1,.71304554,.43853742,2014
BEN,Benin,2014,Benin_2014,MICS,Sex & Wealth,,Male,Quintile 1,,,,33.491211,14.478439,1.4886059,37.218773,9.3700428,1.2548407,7.0454659,5.4296918,19.820684,44.931801,49.833294,57.789314,446,239,160,787,787,523,134,134,134,1515,688,272,1,.41023746,.14676049,2014
BEN,Benin,2014,Benin_2014,MICS,Sex & Wealth,,Male,Quintile 2,,,,51.836414,23.003227,.91541421,54.522675,17.552374,3.6823001,7.4485497,4.7633109,19.633289,29.872194,33.257664,44.538036,437,230,202,882,882,643,236,236,236,1382,652,320,1,.57000434,.25572085,2014
BEN,Benin,2014,Benin_2014,MICS,Sex & Wealth,,Male,Quintile 3,,,,56.353683,28.443295,7.9860783,60.14093,21.861687,5.6334839,8.2603664,1.7792572,11.380054,18.284536,24.971399,39.270699,442,285,271,1034,1034,813,348,348,348,1331,651,356,1,.69191605,.30871662,2014
BEN,Benin,2014,Benin_2014,MICS,Sex & Wealth,,Male,Quintile 4,,,,72.58017,42.273643,12.015127,74.842819,32.795258,15.283801,9.4099407,.58990306,6.118618,9.2280769,17.64465,30.3934,456,376,310,1232,1232,973,456,456,456,1252,667,417,1,.78803027,.43685025,2014
BEN,Benin,2014,Benin_2014,MICS,Sex & Wealth,,Male,Quintile 5,,,,87.695602,67.377312,40.110218,85.48423,57.888569,39.777592,11.577269,.30354342,4.7532611,1.902882,10.221491,19.557615,590,499,479,1724,1724,1551,764,764,764,1527,836,572,1,.897605,.69836146,2014
BEN,Benin,2014,Benin_2014,MICS,Sex & Wealth & Region,,Female,Quintile 1,Alibori,,,9.4921131,.87942427,0,6.636054,.48512906,0,,,,77.330086,81.498062,84.162323,48,37,31,137,137,151,5,5,5,213,70,30,1,.042287558,.012366902,2014
BEN,Benin,2014,Benin_2014,MICS,Sex & Wealth & Region,,Female,Quintile 1,Atacora,,,10.428577,0,0,12.114244,.59225249,0,,,,53.982796,62.919418,78.119209,55,34,34,119,119,94,15,15,15,188,68,42,1,.11130609,.01038658,2014
BEN,Benin,2014,Benin_2014,MICS,Sex & Wealth & Region,,Female,Quintile 1,Atlantique,,,,,,31.613293,.061854128,0,,,,29.888418,,,16,12,14,46,46,55,9,9,9,77,23,16,1,.3298085,0,2014
BEN,Benin,2014,Benin_2014,MICS,Sex & Wealth & Region,,Female,Quintile 1,Borgou,,,26.626358,,0,7.4078841,0,0,,,,84.176247,68.809563,85.622322,34,28,34,111,111,122,2,2,2,220,58,33,1,.055018995,0,2014
BEN,Benin,2014,Benin_2014,MICS,Sex & Wealth & Region,,Female,Quintile 1,Collines,,,32.485989,,,24.750832,3.8473482,0,,,,40.625206,52.81958,,30,24,23,82,82,75,14,14,14,118,45,28,1,.34647045,.0568421,2014
BEN,Benin,2014,Benin_2014,MICS,Sex & Wealth & Region,,Female,Quintile 1,Couffo,,,22.159279,,,25.016462,3.4948812,0,,,,36.380241,51.604301,,37,18,13,72,72,53,8,8,8,94,37,29,1,.28509697,0,2014
BEN,Benin,2014,Benin_2014,MICS,Sex & Wealth & Region,,Female,Quintile 1,Donga,,,,,,10.646212,0,0,,,,45.203224,68.468452,,26,17,13,62,62,53,4,4,4,90,30,19,1,.17417988,0,2014
BEN,Benin,2014,Benin_2014,MICS,Sex & Wealth & Region,,Female,Quintile 1,Mono,,,,,,45.138119,4.9553018,0,,,,14.271688,20.939371,,25,20,22,68,68,55,21,21,21,109,48,22,1,.42136085,.09832412,2014
BEN,Benin,2014,Benin_2014,MICS,Sex & Wealth & Region,,Female,Quintile 1,OuÈMÈ,,,,,,20.198008,4.535121,0,,,,40.614876,,,10,7,7,31,31,31,6,6,6,31,9,13,1,.17716795,.094830714,2014
BEN,Benin,2014,Benin_2014,MICS,Sex & Wealth & Region,,Female,Quintile 1,Plateau,,,,,,9.2083597,4.1132269,0,,,,36.282997,,,15,12,13,50,50,60,4,4,4,77,29,19,1,.2275295,.078438878,2014
BEN,Benin,2014,Benin_2014,MICS,Sex & Wealth & Region,,Female,Quintile 1,Zou,,,,,,11.037706,3.9335508,0,,,,40.69001,43.857418,,27,14,18,65,65,54,5,5,5,83,38,21,1,0,0,2014
BEN,Benin,2014,Benin_2014,MICS,Sex & Wealth & Region,,Female,Quintile 2,Alibori,,,,,,19.715742,1.2939956,0,,,,66.584221,80.10994,,26,21,23,86,86,84,5,5,5,113,43,24,1,.41896844,0,2014
BEN,Benin,2014,Benin_2014,MICS,Sex & Wealth & Region,,Female,Quintile 2,Atacora,,,27.072216,1.9465407,0,19.107395,.58356512,0,,,,32.886639,29.668617,74.764824,48,40,34,134,134,93,17,17,17,135,66,37,1,.1381868,0,2014
BEN,Benin,2014,Benin_2014,MICS,Sex & Wealth & Region,,Female,Quintile 2,Atlantique,,,,,,17.498644,.94270295,0,,,,12.685516,50.897671,,18,13,10,53,53,51,10,10,10,67,31,22,1,.11917156,0,2014
BEN,Benin,2014,Benin_2014,MICS,Sex & Wealth & Region,,Female,Quintile 2,Borgou,,,,,,16.553371,2.3886676,0,,,,39.665134,57.640617,,19,24,25,84,84,92,8,8,8,123,42,15,1,.27531853,0,2014
BEN,Benin,2014,Benin_2014,MICS,Sex & Wealth & Region,,Female,Quintile 2,Collines,,,43.010487,,,28.130743,2.0003815,0,,,,31.203247,39.274746,,38,24,28,106,106,106,21,21,21,138,61,25,1,.31456852,0,2014
BEN,Benin,2014,Benin_2014,MICS,Sex & Wealth & Region,,Female,Quintile 2,Couffo,,,23.117321,0,,24.739977,3.771786,0,,,,45.083385,54.91275,81.382156,47,31,25,104,104,81,17,17,17,161,60,36,1,.31344637,.097864732,2014
BEN,Benin,2014,Benin_2014,MICS,Sex & Wealth & Region,,Female,Quintile 2,Donga,,,35.032879,3.3760402,0,26.963278,.9118275,0,,,,44.087872,55.998653,81.357277,33,31,33,119,119,124,22,22,22,140,39,32,1,.31631902,0,2014
BEN,Benin,2014,Benin_2014,MICS,Sex & Wealth & Region,,Female,Quintile 2,Mono,,,52.800064,,,52.300541,11.034543,0,,,,11.531014,20.367567,57.023197,30,25,21,77,77,63,22,22,22,89,39,30,1,.63194895,.16902226,2014
BEN,Benin,2014,Benin_2014,MICS,Sex & Wealth & Region,,Female,Quintile 2,OuÈMÈ,,,,,,19.878298,2.1219583,0,,,,19.612125,44.58894,,11,12,13,39,39,37,4,4,4,52,35,10,1,.24220176,0,2014
BEN,Benin,2014,Benin_2014,MICS,Sex & Wealth & Region,,Female,Quintile 2,Plateau,,,,,,25.747946,7.8561687,0,,,,34.255264,,,10,17,12,46,46,48,7,7,7,63,23,18,1,.29220253,0,2014
BEN,Benin,2014,Benin_2014,MICS,Sex & Wealth & Region,,Female,Quintile 2,Zou,,,,,,26.786768,14.074397,0,,,,20.300922,36.587471,,20,20,16,56,56,64,8,8,8,96,37,17,1,.24591112,.10567362,2014
BEN,Benin,2014,Benin_2014,MICS,Sex & Wealth & Region,,Female,Quintile 3,Alibori,,,,,,24.987902,6.6308551,0,,,,54.760002,60.814167,,20,20,12,66,66,77,6,6,6,83,36,18,1,.27256432,.12327722,2014
BEN,Benin,2014,Benin_2014,MICS,Sex & Wealth & Region,,Female,Quintile 3,Atacora,,,,,,28.042805,3.1995051,0,,,,27.086983,,,21,9,18,45,45,44,9,9,9,64,27,11,1,.25686371,0,2014
BEN,Benin,2014,Benin_2014,MICS,Sex & Wealth & Region,,Female,Quintile 3,Atlantique,,,56.89777,,,31.5249,4.8386149,0,,,,21.866339,34.809155,,34,20,24,85,85,83,26,26,26,108,52,22,1,.42240068,.12337294,2014
BEN,Benin,2014,Benin_2014,MICS,Sex & Wealth & Region,,Female,Quintile 3,Borgou,,,,,,30.138721,1.2847258,0,,,,17.095465,,,14,22,26,81,81,69,14,14,14,69,26,24,1,.44624183,0,2014
BEN,Benin,2014,Benin_2014,MICS,Sex & Wealth & Region,,Female,Quintile 3,Collines,,,67.656189,11.741172,0,48.646839,6.6308722,0,6.1394901,7.654511,25.997206,18.279497,32.136379,48.061367,66,39,35,140,140,119,39,39,39,170,85,46,1,.53979063,.075870879,2014
BEN,Benin,2014,Benin_2014,MICS,Sex & Wealth & Region,,Female,Quintile 3,Couffo,,,52.928429,9.993885,,41.988083,7.9793921,0,6.2744398,0,18.198351,28.243511,25.435299,63.54071,51,33,29,120,120,104,33,33,33,119,63,37,1,.54146254,.10044654,2014
BEN,Benin,2014,Benin_2014,MICS,Sex & Wealth & Region,,Female,Quintile 3,Donga,,,53.072643,7.6969237,0,37.581108,5.5751758,0,5.670413,7.9366646,30.831778,37.936626,38.86208,71.547981,56,60,50,187,187,164,45,45,45,215,78,58,1,.25874236,.080985904,2014
BEN,Benin,2014,Benin_2014,MICS,Sex & Wealth & Region,,Female,Quintile 3,Littoral,,,,,,,,,,,,,,,5,1,0,4,4,4,0,0,0,12,7,2,1,0,,2014
BEN,Benin,2014,Benin_2014,MICS,Sex & Wealth & Region,,Female,Quintile 3,Mono,,,,20.034622,3.0168147,55.573975,9.6446152,1.2384179,6.5085459,7.409513,23.373728,5.9081788,15.761582,,25,31,31,92,92,74,39,39,39,105,44,26,1,.57091105,.038082868,2014
BEN,Benin,2014,Benin_2014,MICS,Sex & Wealth & Region,,Female,Quintile 3,OuÈMÈ,,,33.222809,,,31.76721,9.8205614,0,,,,21.501144,25.214758,55.946453,30,21,28,95,95,85,21,21,21,86,43,31,1,.28686735,.075997852,2014
BEN,Benin,2014,Benin_2014,MICS,Sex & Wealth & Region,,Female,Quintile 3,Plateau,,,,,,21.734907,2.4100111,.80603677,,,,23.520538,40.811687,,27,20,18,73,73,72,12,12,12,119,43,23,1,.22575335,.015672857,2014
BEN,Benin,2014,Benin_2014,MICS,Sex & Wealth & Region,,Female,Quintile 3,Zou,,,,,,36.741783,5.0219798,0,,,,18.590553,43.175735,,24,19,28,78,78,95,21,21,21,101,38,23,1,.46932423,.027838349,2014
BEN,Benin,2014,Benin_2014,MICS,Sex & Wealth & Region,,Female,Quintile 4,Alibori,,,,,,50.201832,13.63982,0,,,,34.262894,,,9,12,6,34,34,40,8,8,8,52,23,9,1,.5347352,.16236748,2014
BEN,Benin,2014,Benin_2014,MICS,Sex & Wealth & Region,,Female,Quintile 4,Atacora,,,,,,40.585926,18.130121,1.9470232,,,,9.5104284,,,16,7,13,41,41,37,12,12,12,34,21,17,1,.28589955,.35339093,2014
BEN,Benin,2014,Benin_2014,MICS,Sex & Wealth & Region,,Female,Quintile 4,Atlantique,,,53.115864,12.071306,.26824564,47.613068,8.0661726,1.9159331,5.8220072,12.367579,21.706867,8.0112476,26.610413,79.145203,39,39,37,128,128,131,46,46,46,132,58,45,1,.49406081,.032692675,2014
BEN,Benin,2014,Benin_2014,MICS,Sex & Wealth & Region,,Female,Quintile 4,Borgou,,,,,,46.785145,26.043257,3.0740426,,,,16.316244,,,12,24,18,68,68,60,21,21,21,62,29,16,1,.61431676,.14920282,2014
BEN,Benin,2014,Benin_2014,MICS,Sex & Wealth & Region,,Female,Quintile 4,Collines,,,68.430763,19.335529,,51.056843,12.864293,1.3124782,6.6830525,3.4429345,26.232019,5.6372771,11.898673,,39,34,29,107,107,99,32,32,32,108,52,27,1,.64582336,.1440475,2014
BEN,Benin,2014,Benin_2014,MICS,Sex & Wealth & Region,,Female,Quintile 4,Couffo,,,,,,46.424732,18.496523,2.1992586,,,,14.702633,,,21,16,22,61,61,65,19,19,19,61,22,19,1,.52844995,.26925358,2014
BEN,Benin,2014,Benin_2014,MICS,Sex & Wealth & Region,,Female,Quintile 4,Donga,,,42.12188,9.6876764,0,39.261566,8.5889177,0,6.1944284,7.6869922,21.439974,12.703702,49.722908,70.530907,52,39,42,147,147,123,41,41,41,151,77,48,1,.40085852,.13860483,2014
BEN,Benin,2014,Benin_2014,MICS,Sex & Wealth & Region,,Female,Quintile 4,Littoral,,,51.672977,15.391013,6.023108,47.826122,12.176247,2.5534465,6.8845587,2.8452375,17.005491,13.001478,37.118999,53.30624,63,62,75,230,230,210,80,80,80,175,96,70,1,.51302069,.1549474,2014
BEN,Benin,2014,Benin_2014,MICS,Sex & Wealth & Region,,Female,Quintile 4,Mono,,,65.740723,30.634747,6.3597021,61.828007,15.179232,2.8255405,6.979589,1.3150502,10.231438,2.5943842,15.022023,44.19521,34,42,40,127,127,118,52,52,52,100,57,40,1,.65578419,.1145594,2014
BEN,Benin,2014,Benin_2014,MICS,Sex & Wealth & Region,,Female,Quintile 4,OuÈMÈ,,,71.676544,22.156839,2.4304152,50.514149,17.226496,1.4379848,6.806632,2.7407923,28.245417,8.5190487,19.648186,40.082355,53,41,48,161,161,140,59,59,59,137,68,47,1,.45111233,.14937516,2014
BEN,Benin,2014,Benin_2014,MICS,Sex & Wealth & Region,,Female,Quintile 4,Plateau,,,49.733444,10.699041,,50.256668,10.625595,0,7.4112644,2.0856922,12.386603,11.723008,33.02924,57.492001,32,38,23,104,104,84,33,33,33,98,46,30,1,.4724794,.18071158,2014
BEN,Benin,2014,Benin_2014,MICS,Sex & Wealth & Region,,Female,Quintile 4,Zou,,,,35.313694,,54.552223,18.530264,2.4426847,,,,6.2169714,26.190678,36.169613,24,31,26,88,88,73,24,24,24,65,31,31,1,.79300052,.11928575,2014
BEN,Benin,2014,Benin_2014,MICS,Sex & Wealth & Region,,Female,Quintile 5,Alibori,,,,,,,,,,,,,,,6,11,3,19,19,17,4,4,4,17,10,5,1,.68367904,.33333334,2014
BEN,Benin,2014,Benin_2014,MICS,Sex & Wealth & Region,,Female,Quintile 5,Atacora,,,,,,67.416451,33.953148,2.0078099,,,,,,,14,16,9,39,39,31,16,16,16,26,17,13,1,.54236633,.058312699,2014
BEN,Benin,2014,Benin_2014,MICS,Sex & Wealth & Region,,Female,Quintile 5,Atlantique,,,75.899544,47.971581,43.203453,70.612648,50.980419,29.536131,10.666051,3.7990201,10.209393,4.7122331,29.510942,36.825603,54,62,68,204,204,201,92,92,92,170,87,56,1,.70529199,.61945897,2014
BEN,Benin,2014,Benin_2014,MICS,Sex & Wealth & Region,,Female,Quintile 5,Borgou,,,,,,63.814266,28.621662,16.049076,,,,8.2037067,36.495876,,23,19,19,77,77,57,22,22,22,56,30,27,1,.58261156,.3024506,2014
BEN,Benin,2014,Benin_2014,MICS,Sex & Wealth & Region,,Female,Quintile 5,Collines,,,,,,76.140297,25.834789,1.932725,,,,5.6623764,,,16,6,9,38,38,33,16,16,16,45,28,13,1,1,.39009088,2014
BEN,Benin,2014,Benin_2014,MICS,Sex & Wealth & Region,,Female,Quintile 5,Couffo,,,,,,,,,,,,,,,13,9,7,27,27,26,8,8,8,22,15,10,1,.91278994,.18517174,2014
BEN,Benin,2014,Benin_2014,MICS,Sex & Wealth & Region,,Female,Quintile 5,Donga,,,,,,51.985657,24.239756,1.318985,,,,1.1661606,,,17,15,20,52,52,72,26,26,26,51,29,15,1,.49743915,.20280322,2014
BEN,Benin,2014,Benin_2014,MICS,Sex & Wealth & Region,,Female,Quintile 5,Littoral,,,69.704971,52.007145,24.01573,72.428963,44.549637,23.57715,9.9957447,1.522101,6.9148803,10.825705,25.878897,37.572632,435,380,387,1326,1326,1193,549,549,549,1073,639,420,1,.77239126,.47566941,2014
BEN,Benin,2014,Benin_2014,MICS,Sex & Wealth & Region,,Female,Quintile 5,Mono,,,,,,75.019287,31.232637,7.1329923,,,,9.2363701,4.6773272,,23,11,14,53,53,65,20,20,20,59,37,22,1,.74785882,.43183234,2014
BEN,Benin,2014,Benin_2014,MICS,Sex & Wealth & Region,,Female,Quintile 5,OuÈMÈ,,,74.899994,53.49918,15.911683,70.170326,40.680939,14.076598,8.9686613,3.129607,15.803827,8.6796761,14.447834,38.682476,51,45,50,162,162,158,73,73,73,143,67,44,1,.73848498,.42791703,2014
BEN,Benin,2014,Benin_2014,MICS,Sex & Wealth & Region,,Female,Quintile 5,Plateau,,,,,,72.012901,32.732418,5.1623883,,,,13.722145,41.90905,,20,17,10,48,48,40,19,19,19,48,32,13,1,.94988132,.45110372,2014
BEN,Benin,2014,Benin_2014,MICS,Sex & Wealth & Region,,Female,Quintile 5,Zou,,,,,,64.053635,40.736706,19.770575,,,,9.1027851,31.159809,,21,12,16,61,61,49,17,17,17,56,34,22,1,.58084458,.47139069,2014
BEN,Benin,2014,Benin_2014,MICS,Sex & Wealth & Region,,Male,Quintile 1,Alibori,,,14.302858,7.8365788,,11.833711,5.0407114,.41575325,,,,75.705055,83.278015,86.660118,90,41,21,142,142,90,8,8,8,230,132,52,1,.11854036,.13373935,2014
BEN,Benin,2014,Benin_2014,MICS,Sex & Wealth & Region,,Male,Quintile 1,Atacora,,,30.204466,10.828587,,35.640759,7.8514419,1.4541897,,,,37.14727,32.16695,40.217285,50,34,23,105,105,75,20,20,20,213,83,31,1,.30502209,.11118307,2014
BEN,Benin,2014,Benin_2014,MICS,Sex & Wealth & Region,,Male,Quintile 1,Atlantique,,,,,,50.274372,4.4992938,.089907154,,,,20.864811,23.399132,,25,19,12,57,57,33,13,13,13,84,40,23,1,.50520295,.11301427,2014
BEN,Benin,2014,Benin_2014,MICS,Sex & Wealth & Region,,Male,Quintile 1,Borgou,,,9.0554714,,,16.154606,6.117918,1.3418394,,,,75.942215,87.563667,,51,25,16,85,85,65,6,6,6,248,91,23,1,.26571742,0,2014
BEN,Benin,2014,Benin_2014,MICS,Sex & Wealth & Region,,Male,Quintile 1,Collines,,,49.013729,,,45.78812,9.0108252,0,,,,30.311888,40.148659,61.868702,41,24,17,69,69,48,15,15,15,155,61,30,1,.35898933,.15180461,2014
BEN,Benin,2014,Benin_2014,MICS,Sex & Wealth & Region,,Male,Quintile 1,Couffo,,,50.915169,,,58.200748,17.524382,,,,,29.483089,28.559467,,37,9,9,44,44,23,7,7,7,115,55,18,1,.87553144,.30121005,2014
BEN,Benin,2014,Benin_2014,MICS,Sex & Wealth & Region,,Male,Quintile 1,Donga,,,34.944809,,,33.120056,8.4484272,0,,,,41.002743,49.523621,,42,19,18,74,74,50,11,11,11,133,63,24,1,.38532624,.10102803,2014
BEN,Benin,2014,Benin_2014,MICS,Sex & Wealth & Region,,Male,Quintile 1,Mono,,,64.27037,,,68.693398,14.495497,0,,,,17.346815,12.27725,,36,24,16,73,73,38,21,21,21,113,55,25,1,.7101236,.24790794,2014
BEN,Benin,2014,Benin_2014,MICS,Sex & Wealth & Region,,Male,Quintile 1,OuÈMÈ,,,,,,47.456844,18.398319,,,,,20.651522,,,15,8,10,31,31,28,7,7,7,39,24,4,1,.57994902,.20358071,2014
BEN,Benin,2014,Benin_2014,MICS,Sex & Wealth & Region,,Male,Quintile 1,Plateau,,,,,,39.143879,9.0215626,2.7798834,,,,34.027851,,,18,20,11,52,52,40,16,16,16,80,26,17,1,.56586164,.18750907,2014
BEN,Benin,2014,Benin_2014,MICS,Sex & Wealth & Region,,Male,Quintile 1,Zou,,,38.525459,,,50.386093,16.716421,0,,,,25.890308,33.005318,,41,16,7,55,55,33,10,10,10,105,58,25,1,.55126387,.20856072,2014
BEN,Benin,2014,Benin_2014,MICS,Sex & Wealth & Region,,Male,Quintile 2,Alibori,,,20.912071,,,26.271299,10.102083,4.6962662,,,,63.538612,76.492287,,39,19,10,65,65,49,9,9,9,127,55,23,1,.26483166,.29926538,2014
BEN,Benin,2014,Benin_2014,MICS,Sex & Wealth & Region,,Male,Quintile 2,Atacora,,,47.895355,,4.0952787,50.260521,17.332451,2.6371918,7.9496012,0,12.603548,27.865549,44.509598,37.264069,48,24,32,103,103,86,32,32,32,156,69,31,1,.55151182,.27602029,2014
BEN,Benin,2014,Benin_2014,MICS,Sex & Wealth & Region,,Male,Quintile 2,Atlantique,,,,,,67.594666,27.809044,3.0128129,,,,27.415737,22.343485,,22,16,17,56,56,41,19,19,19,74,41,17,1,.71738881,.28584978,2014
BEN,Benin,2014,Benin_2014,MICS,Sex & Wealth & Region,,Male,Quintile 2,Borgou,,,29.744604,,,33.77515,7.6023579,1.9725399,,,,43.607391,48.418114,71.967247,41,18,29,91,91,78,18,18,18,127,53,36,1,.38083315,.12664033,2014
BEN,Benin,2014,Benin_2014,MICS,Sex & Wealth & Region,,Male,Quintile 2,Collines,,,61.500393,,,57.847752,12.826933,6.9736152,,,,18.609835,25.123575,33.079521,45,26,21,91,91,71,25,25,25,145,79,33,1,.43144321,.071915478,2014
BEN,Benin,2014,Benin_2014,MICS,Sex & Wealth & Region,,Male,Quintile 2,Couffo,,,44.620331,,,51.621235,14.632724,4.4609342,,,,27.718922,22.705046,47.160191,54,25,22,99,99,58,27,27,27,154,68,42,1,.58074355,.26582861,2014
BEN,Benin,2014,Benin_2014,MICS,Sex & Wealth & Region,,Male,Quintile 2,Donga,,,41.407097,4.776876,,46.65052,10.621908,2.6394191,7.2633176,0,8.7038736,31.245148,47.409271,59.343922,58,35,25,126,126,88,30,30,30,195,103,50,1,.47962806,.20988028,2014
BEN,Benin,2014,Benin_2014,MICS,Sex & Wealth & Region,,Male,Quintile 2,Mono,,,69.619064,24.872505,,78.436424,23.049671,2.137372,,,,12.825066,13.273208,30.913839,42,30,10,89,89,50,21,21,21,117,61,32,1,.86373144,.46043581,2014
BEN,Benin,2014,Benin_2014,MICS,Sex & Wealth & Region,,Male,Quintile 2,OuÈMÈ,,,,,,57.234489,17.660273,2.5047271,,,,17.790369,,,17,16,7,40,40,33,15,15,15,77,25,14,1,.5402801,.10133575,2014
BEN,Benin,2014,Benin_2014,MICS,Sex & Wealth & Region,,Male,Quintile 2,Plateau,,,71.502151,,,74.172768,21.333683,,,,,32.578899,19.37545,,32,9,11,43,43,27,13,13,13,82,42,14,1,.76482743,.41484213,2014
BEN,Benin,2014,Benin_2014,MICS,Sex & Wealth & Region,,Male,Quintile 2,Zou,,,73.580185,,,69.799629,29.14258,7.4228945,,,,15.529169,16.349277,,39,12,18,79,79,62,27,27,27,128,56,28,1,.84966218,.41445407,2014
BEN,Benin,2014,Benin_2014,MICS,Sex & Wealth & Region,,Male,Quintile 3,Alibori,,,,,,38.946198,11.062551,2.292326,,,,50.012077,56.264366,,27,8,10,47,47,40,8,8,8,93,42,14,1,.68544137,.14228861,2014
BEN,Benin,2014,Benin_2014,MICS,Sex & Wealth & Region,,Male,Quintile 3,Atacora,,,,,,54.006744,33.361412,10.604022,,,,28.225931,,,10,18,9,42,42,40,9,9,9,77,17,13,1,.70167464,.36374244,2014
BEN,Benin,2014,Benin_2014,MICS,Sex & Wealth & Region,,Male,Quintile 3,Atlantique,,,55.716358,,19.748159,59.769226,21.855698,11.076351,8.6702023,0,17.093304,8.2379303,17.675076,35.670372,44,26,30,107,107,69,33,33,33,122,57,41,1,.71684277,.41779572,2014
BEN,Benin,2014,Benin_2014,MICS,Sex & Wealth & Region,,Male,Quintile 3,Borgou,,,45.808891,,,41.056309,6.460978,0,,,,19.962006,30.168673,,30,16,25,81,81,68,28,28,28,78,39,21,1,.52444291,.083421312,2014
BEN,Benin,2014,Benin_2014,MICS,Sex & Wealth & Region,,Male,Quintile 3,Collines,,,72.434525,20.579062,0,65.656792,22.571024,3.9905977,8.7245502,0,7.5107665,9.73246,14.439942,34.291595,71,48,34,144,144,88,41,41,41,196,117,58,1,.64207011,.40888309,2014
BEN,Benin,2014,Benin_2014,MICS,Sex & Wealth & Region,,Male,Quintile 3,Couffo,,,50.539112,,,74.220604,36.187805,10.231478,9.4630985,2.3924363,4.6812582,18.356382,22.893244,26.231834,46,28,23,100,100,76,40,40,40,126,59,35,1,.7407763,.51662242,2014
BEN,Benin,2014,Benin_2014,MICS,Sex & Wealth & Region,,Male,Quintile 3,Donga,,,53.92046,25.712109,2.9967983,53.358532,15.757503,2.1805296,7.673161,2.8808563,17.874258,22.956667,35.325848,51.899647,82,52,48,193,193,164,66,66,66,256,128,66,1,.60351229,.26663601,2014
BEN,Benin,2014,Benin_2014,MICS,Sex & Wealth & Region,,Male,Quintile 3,Littoral,,,,,,,,,,,,,,,5,2,2,9,9,4,2,2,2,9,6,6,1,1,.74049324,2014
BEN,Benin,2014,Benin_2014,MICS,Sex & Wealth & Region,,Male,Quintile 3,Mono,,,74.834282,,,81.139442,28.161139,7.8211775,9.0208292,0,2.5605309,13.843395,13.75134,,30,21,22,78,78,55,33,33,33,96,49,23,1,1,.32818815,2014
BEN,Benin,2014,Benin_2014,MICS,Sex & Wealth & Region,,Male,Quintile 3,OuÈMÈ,,,,,,65.159454,30.277088,6.3297749,,,,14.935644,23.406933,,27,20,24,77,77,68,28,28,28,81,38,26,1,.72144085,.25566721,2014
BEN,Benin,2014,Benin_2014,MICS,Sex & Wealth & Region,,Male,Quintile 3,Plateau,,,44.309101,,,54.683578,9.9745359,4.0093045,,,,15.872337,28.696304,,39,22,21,70,70,66,27,27,27,97,53,26,1,.53493613,.18289997,2014
BEN,Benin,2014,Benin_2014,MICS,Sex & Wealth & Region,,Male,Quintile 3,Zou,,,78.955467,,,68.069412,23.273819,2.8733137,7.8445368,2.5977488,6.4885697,12.494171,9.7322407,,31,24,23,86,86,75,33,33,33,100,46,27,1,.75467861,.3404046,2014
BEN,Benin,2014,Benin_2014,MICS,Sex & Wealth & Region,,Male,Quintile 4,Alibori,,,,,,,,,,,,26.718399,,,14,5,4,28,28,17,7,7,7,44,22,11,1,.90402192,0,2014
BEN,Benin,2014,Benin_2014,MICS,Sex & Wealth & Region,,Male,Quintile 4,Atacora,,,,,,76.616364,28.063356,,,,,11.695107,,,17,12,7,40,40,18,8,8,8,36,21,15,1,.73746771,.87591124,2014
BEN,Benin,2014,Benin_2014,MICS,Sex & Wealth & Region,,Male,Quintile 4,Atlantique,,,70.973587,47.689785,25.589838,75.366959,38.866993,30.135134,10.024333,1.38177,6.2743983,5.1689553,24.912716,26.430395,32,37,38,128,128,106,56,56,56,135,66,41,1,.79722166,.465866,2014
BEN,Benin,2014,Benin_2014,MICS,Sex & Wealth & Region,,Male,Quintile 4,Borgou,,,,,,73.003235,26.440262,16.74192,,,,9.7079477,,,15,22,17,59,59,48,22,22,22,46,20,14,1,.7371822,.24906211,2014
BEN,Benin,2014,Benin_2014,MICS,Sex & Wealth & Region,,Male,Quintile 4,Collines,,,74.977478,41.273029,0,75.060616,36.276817,14.872631,8.9855843,0,7.2390823,4.6793485,16.529734,28.491381,49,45,34,132,132,105,41,41,41,124,67,48,1,.79039031,.43260473,2014
BEN,Benin,2014,Benin_2014,MICS,Sex & Wealth & Region,,Male,Quintile 4,Couffo,,,71.159019,,,80.357948,36.579124,13.570499,,,,13.626435,18.77206,,33,27,17,81,81,53,28,28,28,65,39,28,1,.826527,.38497993,2014
BEN,Benin,2014,Benin_2014,MICS,Sex & Wealth & Region,,Male,Quintile 4,Donga,,,68.924904,33.961887,7.3765025,65.551376,19.455328,8.1725111,8.4626055,0,6.4108701,17.819534,21.648819,41.086231,73,52,42,183,183,136,58,58,58,159,97,61,1,.7682873,.23950312,2014
BEN,Benin,2014,Benin_2014,MICS,Sex & Wealth & Region,,Male,Quintile 4,Littoral,,,71.873276,26.351742,16.397348,66.910995,24.406187,9.5176563,8.1038132,2.5182064,8.5000086,11.108932,20.733427,49.808319,68,65,52,200,200,174,75,75,75,186,100,74,1,.65355891,.35961422,2014
BEN,Benin,2014,Benin_2014,MICS,Sex & Wealth & Region,,Male,Quintile 4,Mono,,,68.855576,,,82.928337,42.430264,6.0796881,9.8552132,0,0,7.6971164,1.3027303,,53,25,24,97,97,81,43,43,43,132,76,28,1,.92177933,.56539756,2014
BEN,Benin,2014,Benin_2014,MICS,Sex & Wealth & Region,,Male,Quintile 4,OuÈMÈ,,,79.729431,51.919281,15.949239,73.257919,35.114674,16.778349,8.6245937,0,14.836325,8.8139124,10.053446,27.196009,53,34,33,124,124,110,52,52,52,154,79,42,1,.66753799,.50546253,2014
BEN,Benin,2014,Benin_2014,MICS,Sex & Wealth & Region,,Male,Quintile 4,Plateau,,,,,,79.697495,37.970337,7.2851868,10.174819,2.0275371,10.506076,6.3571267,17.171852,,28,24,24,80,80,68,34,34,34,83,39,26,1,.92489666,.61797655,2014
BEN,Benin,2014,Benin_2014,MICS,Sex & Wealth & Region,,Male,Quintile 4,Zou,,,,,,81.42366,31.615057,7.2281823,8.4564781,0,5.4209433,2.1111102,8.7841473,,21,28,18,80,80,57,32,32,32,88,41,29,1,.91272318,.29320139,2014
BEN,Benin,2014,Benin_2014,MICS,Sex & Wealth & Region,,Male,Quintile 5,Alibori,,,,,,,,,,,,,,,4,3,5,14,14,15,6,6,6,11,7,3,1,1,.37461111,2014
BEN,Benin,2014,Benin_2014,MICS,Sex & Wealth & Region,,Male,Quintile 5,Atacora,,,,,,,,,,,,,,,8,5,6,25,25,19,10,10,10,17,11,8,1,1,.49218258,2014
BEN,Benin,2014,Benin_2014,MICS,Sex & Wealth & Region,,Male,Quintile 5,Atlantique,,,88.134995,69.076027,61.670547,87.158493,63.101936,50.064106,13.784319,.40481275,7.4920812,0,12.066167,23.584824,56,47,47,167,167,158,75,75,75,136,89,59,1,.89846998,.82714784,2014
BEN,Benin,2014,Benin_2014,MICS,Sex & Wealth & Region,,Male,Quintile 5,Borgou,,,,,,84.593674,60.433685,34.733997,,,,0,,,25,19,14,64,64,55,26,26,26,45,27,27,1,.83552462,.64135045,2014
BEN,Benin,2014,Benin_2014,MICS,Sex & Wealth & Region,,Male,Quintile 5,Collines,,,,,,86.718719,42.541988,,,,,,,,19,12,7,38,38,27,11,11,11,21,21,15,1,.92095369,.73205858,2014
BEN,Benin,2014,Benin_2014,MICS,Sex & Wealth & Region,,Male,Quintile 5,Couffo,,,,,,,,,,,,,,,10,12,5,29,29,23,14,14,14,14,16,8,1,1,.83855397,2014
BEN,Benin,2014,Benin_2014,MICS,Sex & Wealth & Region,,Male,Quintile 5,Donga,,,,,,68.952652,22.935286,13.335529,,,,3.8994927,,,17,12,9,44,44,39,16,16,16,62,24,17,1,.79047722,.48959172,2014
BEN,Benin,2014,Benin_2014,MICS,Sex & Wealth & Region,,Male,Quintile 5,Littoral,,,87.110428,71.102211,38.217812,88.215813,62.620121,43.544003,11.519052,.27766705,3.4210172,1.6267622,9.8549891,19.93914,352,309,316,1075,1075,996,495,495,495,934,498,337,1,.90219122,.71789783,2014
BEN,Benin,2014,Benin_2014,MICS,Sex & Wealth & Region,,Male,Quintile 5,Mono,,,,,,90.191856,44.685669,,,,,2.1688643,,,11,12,6,33,33,24,9,9,9,47,16,14,1,.81000161,.44220427,2014
BEN,Benin,2014,Benin_2014,MICS,Sex & Wealth & Region,,Male,Quintile 5,OuÈMÈ,,,89.885857,70.940872,34.899353,86.831581,65.347557,34.472851,10.778503,0,4.9874506,1.6759545,3.2576308,13.861382,47,37,30,121,121,110,56,56,56,133,72,39,1,.89598763,.71785492,2014
BEN,Benin,2014,Benin_2014,MICS,Sex & Wealth & Region,,Male,Quintile 5,Plateau,,,,,,90.861656,46.672104,40.39716,,,,9.5156384,,,23,18,18,65,65,44,25,25,25,64,26,27,1,.96273112,.79526502,2014
BEN,Benin,2014,Benin_2014,MICS,Sex & Wealth & Region,,Male,Quintile 5,Zou,,,,,,73.577621,47.412392,23.212288,,,,0,,,18,13,16,49,49,41,21,21,21,43,29,18,1,.80302435,.31719595,2014
BEN,Benin,2014,Benin_2014,MICS,Total,,,,,,,54.324715,27.846905,9.9846706,52.794846,22.133623,9.5306931,8.4207773,2.6798098,14.59894,25.182796,31.798798,47.640545,4454,3393,3174,11874,11874,10261,3726,3726,3726,13676,6572,3855,1,.57372403,.27167344,2014
BEN,Benin,2014,Benin_2014,MICS,Wealth,,,Quintile 1,,,,28.173658,8.1707563,.60644722,26.300222,5.4413977,.48924679,6.3558321,5.082458,24.732834,49.093586,52.773975,69.362381,769,462,382,1630,1630,1326,227,227,227,2815,1143,544,1,.28859761,.073684148,2014
BEN,Benin,2014,Benin_2014,MICS,Wealth,,,Quintile 2,,,,43.974705,14.316937,.43527129,39.038582,10.588922,1.6230423,6.7336826,5.0142798,23.451107,31.732002,38.243351,56.793488,737,488,442,1786,1786,1486,377,377,377,2559,1128,586,1,.42213711,.13852376,2014
BEN,Benin,2014,Benin_2014,MICS,Wealth,,,Quintile 3,,,,52.659424,19.191418,3.7853196,47.555885,13.77918,2.555752,7.2274203,2.9080553,19.1444,21.371777,29.111698,49.273293,815,580,570,2100,2100,1803,613,613,613,2582,1193,677,1,.54991275,.17656113,2014
BEN,Benin,2014,Benin_2014,MICS,Wealth,,,Quintile 4,,,,65.119705,31.376917,6.5025992,61.78614,23.633656,7.7650361,8.1800327,2.4945374,12.1552,10.148874,21.261778,43.131813,850,761,689,2528,2528,2153,883,883,883,2427,1247,816,1,.6606006,.27842841,2014
BEN,Benin,2014,Benin_2014,MICS,Wealth,,,Quintile 5,,,,79.485573,53.151237,30.351982,76.893013,47.902973,27.977055,10.460045,1.2323811,8.0840635,5.516037,18.570993,28.570021,1283,1102,1091,3830,3830,3493,1626,1626,1626,3293,1861,1232,1,.79324377,.55067682,2014
BEN,Benin,2014,Benin_2014,MICS,Wealth & Region,,,Quintile 1,Alibori,,,12.413728,4.6132779,0,9.1867018,2.7206912,.15147719,,,,76.490944,82.616982,85.663002,138,78,52,279,279,241,13,13,13,443,202,82,1,.083211876,.058129556,2014
BEN,Benin,2014,Benin_2014,MICS,Wealth & Region,,,Quintile 1,Atacora,,,20.191479,4.6688337,1.8958853,22.741579,3.8713546,.62432063,5.9314523,.96713698,28.600216,45.155792,46.170715,61.854649,105,68,57,224,224,169,35,35,35,401,151,73,1,.19482833,.049641483,2014
BEN,Benin,2014,Benin_2014,MICS,Wealth & Region,,,Quintile 1,Atlantique,,,42.561314,4.5582728,,41.939579,2.5173533,.033209424,,,,24.834013,29.281796,47.869038,41,31,26,103,103,88,22,22,22,161,63,39,1,.4418512,.049864568,2014
BEN,Benin,2014,Benin_2014,MICS,Wealth & Region,,,Quintile 1,Borgou,,,15.449025,10.257924,0,11.295613,2.7192824,.4689976,,,,79.702042,80.71312,83.59343,85,53,50,196,196,187,8,8,8,468,149,56,1,.15527371,0,2014
BEN,Benin,2014,Benin_2014,MICS,Wealth & Region,,,Quintile 1,Collines,,,41.526028,7.3840222,0,34.484009,6.2362986,0,,,,34.838787,45.887897,68.873833,71,48,40,151,151,123,29,29,29,273,106,58,1,.35268173,.10083422,2014
BEN,Benin,2014,Benin_2014,MICS,Wealth & Region,,,Quintile 1,Couffo,,,36.673782,,,37.366566,8.7162018,0,,,,32.494102,38.011879,60.863041,74,27,22,116,116,76,15,15,15,209,92,47,1,.46357098,.12771834,2014
BEN,Benin,2014,Benin_2014,MICS,Wealth & Region,,,Quintile 1,Donga,,,27.648932,5.3595467,0,22.143387,4.3220482,0,,,,42.739132,56.300652,81.073395,68,36,31,136,136,103,15,15,15,223,93,43,1,.27428484,.059421733,2014
BEN,Benin,2014,Benin_2014,MICS,Wealth & Region,,,Quintile 1,Mono,,,57.096367,10.834705,0,57.455208,9.9438829,0,7.0015688,1.2422198,7.6310425,15.821554,16.178421,45.68483,61,44,38,141,141,93,42,42,42,222,103,47,1,.59241134,.16027415,2014
BEN,Benin,2014,Benin_2014,MICS,Wealth & Region,,,Quintile 1,OuÈMÈ,,,,,,33.773525,11.439308,3.2248144,,,,28.937927,40.675453,,25,15,17,62,62,59,13,13,13,70,33,17,1,.38797003,.15753351,2014
BEN,Benin,2014,Benin_2014,MICS,Wealth & Region,,,Quintile 1,Plateau,,,20.460777,12.548864,,25.495949,6.7837992,1.1391594,,,,35.169174,54.143005,86.230759,33,32,24,102,102,100,20,20,20,157,55,36,1,.44958594,.13128571,2014
BEN,Benin,2014,Benin_2014,MICS,Wealth & Region,,,Quintile 1,Zou,,,32.668259,14.935093,,29.443487,9.9129248,0,,,,32.511391,37.529144,64.910759,68,30,25,120,120,87,15,15,15,188,96,46,1,.28798604,.063812658,2014
BEN,Benin,2014,Benin_2014,MICS,Wealth & Region,,,Quintile 2,Alibori,,,19.612793,4.8971372,0,22.591022,5.1572404,1.7843418,,,,64.851746,78.093643,76.453056,65,40,33,151,151,133,14,14,14,240,98,47,1,.34090024,.096892051,2014
BEN,Benin,2014,Benin_2014,MICS,Wealth & Region,,,Quintile 2,Atacora,,,38.040257,10.010333,1.9339612,32.367588,7.7126555,1.2167547,6.7393341,2.1109633,19.937927,30.200529,37.27314,58.40485,96,64,66,237,237,179,49,49,49,291,135,68,1,.29246056,.13034828,2014
BEN,Benin,2014,Benin_2014,MICS,Wealth & Region,,,Quintile 2,Atlantique,,,44.659039,,,45.109001,15.750052,1.4438778,,,,20.136967,33.312397,53.763367,40,29,27,109,109,92,29,29,29,141,72,39,1,.48003602,.19509938,2014
BEN,Benin,2014,Benin_2014,MICS,Wealth & Region,,,Quintile 2,Borgou,,,31.99235,10.980218,0,25.413837,5.0710692,.90474653,,,,41.672386,52.443874,79.201103,60,42,54,175,175,170,26,26,26,250,95,51,1,.31958431,.06981001,2014
BEN,Benin,2014,Benin_2014,MICS,Wealth & Region,,,Quintile 2,Collines,,,53.519337,19.284489,0,41.96714,7.0412807,2.6166461,5.4632483,6.3073545,36.979652,24.84346,30.90033,38.343941,83,50,49,197,197,177,46,46,46,283,140,58,1,.37844208,.028275922,2014
BEN,Benin,2014,Benin_2014,MICS,Wealth & Region,,,Quintile 2,Couffo,,,34.726212,4.3080649,1.0131655,37.22361,8.8155966,1.8206915,6.5062518,3.1772599,21.521404,36.521431,37.627872,64.087425,101,56,47,203,203,139,44,44,44,315,128,78,1,.42839828,.17134592,2014
BEN,Benin,2014,Benin_2014,MICS,Wealth & Region,,,Quintile 2,Donga,,,39.178963,4.1237378,0,37.361305,6.0403094,1.089307,6.3473067,4.4563899,18.610117,36.476639,49.554642,67.718597,91,66,58,245,245,212,52,52,52,335,142,82,1,.40348542,.095059775,2014
BEN,Benin,2014,Benin_2014,MICS,Wealth & Region,,,Quintile 2,Mono,,,62.428146,22.272123,0,66.405067,17.518641,.93112868,7.6505513,2.5608881,17.848026,12.260304,16.282797,42.725937,72,55,31,166,166,113,43,43,43,206,100,62,1,.75760567,.25948337,2014
BEN,Benin,2014,Benin_2014,MICS,Wealth & Region,,,Quintile 2,OuÈMÈ,,,,,,39.974777,10.481092,1.2004988,,,,18.557838,37.257854,,28,28,20,79,79,70,19,19,19,129,60,24,1,.44736072,.031888325,2014
BEN,Benin,2014,Benin_2014,MICS,Wealth & Region,,,Quintile 2,Plateau,,,63.377087,,,50.026711,14.613393,0,,,,33.34584,15.622856,54.443707,42,26,23,89,89,75,20,20,20,145,65,32,1,.45714045,.23190445,2014
BEN,Benin,2014,Benin_2014,MICS,Wealth & Region,,,Quintile 2,Zou,,,59.766556,35.494385,0,52.219654,22.983997,3.8085406,7.9796066,0,17.149786,17.579805,24.485607,30.471554,59,32,34,135,135,126,35,35,35,224,93,45,1,.48717779,.27559525,2014
BEN,Benin,2014,Benin_2014,MICS,Wealth & Region,,,Quintile 3,Alibori,,,27.033669,,,30.713684,8.4487648,.78818184,,,,52.256298,58.392578,52.8894,47,28,22,113,113,117,14,14,14,176,78,32,1,.39205399,.13171872,2014
BEN,Benin,2014,Benin_2014,MICS,Wealth & Region,,,Quintile 3,Atacora,,,36.332161,,,40.502945,17.674259,5.0155768,,,,27.735647,35.955349,,31,27,27,87,87,84,18,18,18,141,44,24,1,.58399755,.10223919,2014
BEN,Benin,2014,Benin_2014,MICS,Wealth & Region,,,Quintile 3,Atlantique,,,56.175659,15.725952,10.581066,47.731403,14.602962,4.858407,6.8700466,1.8155243,31.498083,14.284611,25.874073,45.187584,78,46,54,192,192,152,59,59,59,230,109,63,1,.60212111,.28112471,2014
BEN,Benin,2014,Benin_2014,MICS,Wealth & Region,,,Quintile 3,Borgou,,,45.037437,5.8666277,0,35.843643,3.9895463,0,6.5947132,3.5037916,9.9304743,18.552094,30.988413,79.377838,44,38,51,162,162,137,42,42,42,147,65,45,1,.48236209,.04317411,2014
BEN,Benin,2014,Benin_2014,MICS,Wealth & Region,,,Quintile 3,Collines,,,69.996887,16.431234,0,57.093788,14.546574,1.7296851,7.5047641,3.6118579,16.233778,13.725957,22.029428,40.265285,137,87,69,284,284,207,80,80,80,366,202,104,1,.59406799,.2409766,2014
BEN,Benin,2014,Benin_2014,MICS,Wealth & Region,,,Quintile 3,Couffo,,,51.874775,29.127777,4.8110833,56.806469,20.947756,4.3353758,8.0421944,1.3263385,10.704633,23.249956,24.235361,45.137993,97,61,52,220,220,180,73,73,73,245,122,72,1,.63954568,.27446771,2014
BEN,Benin,2014,Benin_2014,MICS,Wealth & Region,,,Quintile 3,Donga,,,53.576164,15.627085,1.4053272,45.260159,10.53103,1.0376596,6.7918291,5.1057224,23.576361,29.795963,36.617611,61.299969,138,112,98,380,380,328,111,111,111,471,206,124,1,.41050771,.16804519,2014
BEN,Benin,2014,Benin_2014,MICS,Wealth & Region,,,Quintile 3,Littoral,,,,,,,,,,,,,,,10,3,2,13,13,8,2,2,2,21,13,8,1,.90637445,.74049324,2014
BEN,Benin,2014,Benin_2014,MICS,Wealth & Region,,,Quintile 3,Mono,,,58.857548,28.017187,7.0579052,67.392525,18.20454,3.9478383,7.6463523,4.0537653,13.947487,9.6583757,14.684512,28.397808,55,52,53,170,170,129,72,72,72,201,93,49,1,.75853407,.15325971,2014
BEN,Benin,2014,Benin_2014,MICS,Wealth & Region,,,Quintile 3,OuÈMÈ,,,49.883224,24.694538,2.2806954,45.995033,18.536713,2.7094727,7.5333786,1.9986087,16.003656,18.185781,24.403679,42.352539,57,41,52,172,172,153,49,49,49,167,81,57,1,.5024119,.15047316,2014
BEN,Benin,2014,Benin_2014,MICS,Wealth & Region,,,Quintile 3,Plateau,,,41.609306,9.7101793,5.194818,37.074425,5.931736,2.305331,6.5104747,10.05424,26.2129,20.107243,34.051056,61.058746,66,42,39,143,143,138,39,39,39,216,96,49,1,.37356195,.10579158,2014
BEN,Benin,2014,Benin_2014,MICS,Wealth & Region,,,Quintile 3,Zou,,,69.232834,20.940565,0,53.197426,14.609231,1.2709883,6.7084417,1.5881743,21.036823,15.530534,23.436852,32.711346,55,43,51,164,164,170,54,54,54,201,84,50,1,.6267972,.1550878,2014
BEN,Benin,2014,Benin_2014,MICS,Wealth & Region,,,Quintile 4,Alibori,,,,,,54.372787,14.773229,.99223953,,,,30.869139,33.529995,,23,17,10,62,62,57,15,15,15,96,45,20,1,.6400733,.10855146,2014
BEN,Benin,2014,Benin_2014,MICS,Wealth & Region,,,Quintile 4,Atacora,,,64.115013,,,59.076988,23.227922,6.7337446,,,,10.623446,19.684168,48.627712,33,19,20,81,81,55,20,20,20,70,42,32,1,.59118706,.55184877,2014
BEN,Benin,2014,Benin_2014,MICS,Wealth & Region,,,Quintile 4,Atlantique,,,62.527824,28.450657,11.605282,61.665352,23.661167,14.263251,8.0287495,6.5986671,13.602908,6.5733566,25.628052,53.485386,71,76,75,256,256,237,102,102,102,267,124,86,1,.63347095,.22663392,2014
BEN,Benin,2014,Benin_2014,MICS,Wealth & Region,,,Quintile 4,Borgou,,,,43.571117,9.6339178,59.63047,26.237768,9.2371054,8.6983509,2.5379968,5.3021626,13.4604,26.507563,50.94754,27,46,35,127,127,108,43,43,43,108,49,30,1,.67700887,.20012003,2014
BEN,Benin,2014,Benin_2014,MICS,Wealth & Region,,,Quintile 4,Collines,,,71.978912,31.701571,0,64.447594,25.925203,8.4478769,8.0538645,1.3931845,14.924582,5.1356988,14.483501,39.633991,88,79,63,239,239,204,73,73,73,232,119,75,1,.72731489,.30695966,2014
BEN,Benin,2014,Benin_2014,MICS,Wealth & Region,,,Quintile 4,Couffo,,,61.891979,28.084534,5.9514618,65.227562,28.516325,7.3890872,9.3366518,0,3.7780893,14.12988,20.207603,33.18821,54,43,39,142,142,118,47,47,47,126,61,47,1,.70967615,.31998459,2014
BEN,Benin,2014,Benin_2014,MICS,Wealth & Region,,,Quintile 4,Donga,,,57.739155,23.020973,3.5183198,53.636551,14.530555,4.1867132,7.4698739,3.364428,12.98878,15.297912,33.99419,53.151035,125,91,84,330,330,259,99,99,99,310,174,109,1,.60267919,.1867296,2014
BEN,Benin,2014,Benin_2014,MICS,Wealth & Region,,,Quintile 4,Littoral,,,62.471466,20.949707,10.540142,56.901878,17.992157,5.8202639,7.5026526,2.679451,12.693686,12.040577,28.58499,51.524986,131,127,127,430,430,384,155,155,155,361,196,144,1,.58429414,.24406111,2014
BEN,Benin,2014,Benin_2014,MICS,Wealth & Region,,,Quintile 4,Mono,,,67.608986,41.361107,5.7844663,71.004311,27.030411,4.1407514,8.3027353,.70996308,5.5236998,5.3299088,7.2771215,36.732162,87,67,64,224,224,199,95,95,95,232,133,68,1,.75269085,.28774646,2014
BEN,Benin,2014,Benin_2014,MICS,Wealth & Region,,,Quintile 4,OuÈMÈ,,,75.634262,36.352345,7.9260826,60.42292,25.019831,7.9275832,7.6347008,1.4923811,22.137672,8.6756325,14.735174,33.75061,106,75,81,285,285,250,111,111,111,291,147,89,1,.55433881,.29413167,2014
BEN,Benin,2014,Benin_2014,MICS,Wealth & Region,,,Quintile 4,Plateau,,,57.912819,24.191687,4.1491494,63.522087,22.946564,3.5473168,8.9381914,2.0535603,11.347569,9.4336529,25.682999,49.380196,60,62,47,184,184,152,67,67,67,181,85,56,1,.64341086,.44184732,2014
BEN,Benin,2014,Benin_2014,MICS,Wealth & Region,,,Quintile 4,Zou,,,71.870773,37.680176,0,68.038437,25.097248,4.4661803,7.6493654,0,13.848389,3.852031,16.354353,20.234243,45,59,44,168,168,130,56,56,56,153,72,60,1,.85148221,.19174524,2014
BEN,Benin,2014,Benin_2014,MICS,Wealth & Region,,,Quintile 5,Alibori,,,,,,74.043732,20.905056,13.748527,,,,,,,10,14,8,33,33,32,10,10,10,28,17,8,1,.73970127,.36343014,2014
BEN,Benin,2014,Benin_2014,MICS,Wealth & Region,,,Quintile 5,Atacora,,,,,,65.462502,35.453777,12.883213,,,,9.3377542,,,22,21,15,64,64,50,26,26,26,43,28,21,1,.64785689,.22805944,2014
BEN,Benin,2014,Benin_2014,MICS,Wealth & Region,,,Quintile 5,Atlantique,,,81.862267,57.521969,51.507103,78.014404,56.402958,38.821106,12.077405,2.2627738,8.9795151,2.7028005,20.919586,30.730551,110,109,115,371,371,359,167,167,167,306,176,115,1,.79271078,.71284539,2014
BEN,Benin,2014,Benin_2014,MICS,Wealth & Region,,,Quintile 5,Borgou,,,82.711205,33.006126,37.168022,72.454872,41.849903,24.62101,10.419927,0,9.9451427,4.3375812,25.265959,30.894037,48,38,33,141,141,112,48,48,48,101,57,54,1,.6838643,.43100047,2014
BEN,Benin,2014,Benin_2014,MICS,Wealth & Region,,,Quintile 5,Collines,,,80.506546,,,81.505188,34.307907,18.703333,,,,3.8698831,17.967962,,35,18,16,76,76,60,27,27,27,66,49,28,1,.9536404,.565826,2014
BEN,Benin,2014,Benin_2014,MICS,Wealth & Region,,,Quintile 5,Couffo,,,,,,92.172852,48.104115,21.099243,,,,7.8429317,5.4436336,,23,21,12,56,56,49,22,22,22,36,31,18,1,.95964104,.42502815,2014
BEN,Benin,2014,Benin_2014,MICS,Wealth & Region,,,Quintile 5,Donga,,,46.893829,,,60.358982,23.595991,5.619348,7.6202521,0,9.3250675,2.740829,37.349064,52.221329,34,27,29,96,96,111,42,42,42,113,53,32,1,.65172285,.29106441,2014
BEN,Benin,2014,Benin_2014,MICS,Wealth & Region,,,Quintile 5,Littoral,,,77.398834,60.278881,30.390108,79.411713,52.542477,32.672112,10.710824,.93793225,5.2747726,6.5585299,18.777962,29.772552,787,689,703,2401,2401,2189,1044,1044,1044,2007,1137,757,1,.82861894,.58438981,2014
BEN,Benin,2014,Benin_2014,MICS,Wealth & Region,,,Quintile 5,Mono,,,88.128403,,,80.66037,36.234402,17.120371,,,,6.114275,5.2897668,18.791143,34,23,20,86,86,89,29,29,29,106,53,36,1,.77964318,.43433854,2014
BEN,Benin,2014,Benin_2014,MICS,Wealth & Region,,,Quintile 5,OuÈMÈ,,,82.029732,61.290215,22.928885,77.250168,51.162487,22.567469,9.7475433,1.7827528,11.148903,5.4371409,8.9187508,26.739222,98,82,80,283,283,268,129,129,129,276,139,83,1,.80883986,.53506827,2014
BEN,Benin,2014,Benin_2014,MICS,Wealth & Region,,,Quintile 5,Plateau,,,79.953804,43.159599,,82.881157,40.770088,24.151834,9.7679739,4.4920578,12.140841,11.348559,30.593628,10.76067,43,35,28,113,113,84,44,44,44,112,58,40,1,.95725095,.66270262,2014
BEN,Benin,2014,Benin_2014,MICS,Wealth & Region,,,Quintile 5,Zou,,,76.276299,,10.050432,68.019905,43.5168,21.344503,9.5871696,0,9.0029764,5.3705621,20.75691,26.242182,39,25,32,110,110,90,38,38,38,99,63,40,1,.70502776,.39628491,2014
